StateName,DistrictName,BlockName,Season,Sector,Category,Crop,QueryType,QueryText,KccAns,CreatedOn,year,month
TELANGANA,WARANGAL,0   ,KHARIF,9999,0,9999,9999,ASKED ABOUT CONTROL FOR BLAST,RECOMMENDED TO SPRAY TRICYCLOZOLE 1.6GM/LT,2009-02-18T20:49:21,2009,2
TELANGANA,NIZAMABAD,0   ,KHARIF,9999,0,9999,9999,ASKEDABOUT CONTROL FOR HERBICIDE,RECOMMENDED TO SPRAY PENDIMETHALIN 1LT/ACRE,2009-02-19T13:57:02,2009,2
TELANGANA,WARANGAL,0   ,KHARIF,9999,0,9999,9999,ASKED ABOUT THE CONTROL OF FRUIT ROT,RECOMMENDED TO SPRAY MANCOZEB 3 GM/LTR,2009-02-19T14:59:05,2009,2
TELANGANA,MEDAK,0   ,KHARIF,9999,0,9999,9999,ASKED ABOUT THE CONTROL OF THRIPS,RECOMMENDED TO SPRAY SPINOSHAD 0.75 ML/LTR,2009-02-16T15:42:00,2009,2
TELANGANA,WARANGAL,0   ,KHARIF,9999,0,9999,9999,ASKED ABOUT THE CONTROL OF BLAST IN PADDY,RECOMMENDED TO SPRAY TRYCYCCLOZOLE@0.6GRAMS/LITER,2009-02-24T10:19:32,2009,2
TELANGANA,KARIMNAGAR,0   ,KHARIF,9999,0,9999,9999,ASKED ABOUT THE CONTROL OF SHEATH BLIGHT IN PADDY,RECOMMENDED TO SPRAY HEXACONAZOLE@2ML/LITER,2009-02-24T13:00:15,2009,2
TELANGANA,WARANGAL,0   ,KHARIF,AGRICULTURE,0,1137,3,ASKED ABOUT THE CONTROL OF STEM BORER IN RICE,RECOMMENDED TO SPRAY PHORATE GRANULES 5KG/ACRE,2009-02-24T13:24:46,2009,2
TELANGANA,NIZAMABAD,0   ,KHARIF,AGRICULTURE,0,Oil palm,1,ASKED ABOUT THE SOWING SEASON IN SESAMUM,RECOMMENDED SOWING SEASON IS JAN-FEB,2009-02-24T14:17:57,2009,2
TELANGANA,WARANGAL,0   ,KHARIF,9999,0,9999,9999,ASKED ABOUT CONTROL FOR BPH,RECOMMENDED TO SPRAY ACEPHATE 1.5GR/LITRE,2009-02-24T19:39:54,2009,2
TELANGANA,ADILABAD,0   ,KHARIF,9999,0,9999,9999,ASKED ABOUT CONTROL FOR STEMBORER,RECOMMENDED TO SPRAY CARTAP HYDROCHLORIDE 4G 8KG/ACRE,2009-02-25T07:32:55,2009,2
TELANGANA,KARIMNAGAR,0   ,KHARIF,9999,0,9999,9999,ASKED ABOUT THE CONTROL OF BLAST IN PADDY,RECOMMENDED TO SPRAY TRYCYCLOZOLE@0.6GRAMS/LITER,2009-02-25T14:17:31,2009,2
TELANGANA,NALGONDA,0   ,KHARIF,9999,0,9999,9999,ASKED ABOUT CONTROL FOR FLOWER DROP,RECOMMENDED TO SPRAY PLANOPHIX 1ML/4.5LITRES,2009-02-25T17:53:14,2009,2
TELANGANA,KHAMMAM,0   ,KHARIF,HORTICULTURE,0,1268,29,ASKED ABOUT THE CONTROL OF HOPPERS IN MANGO,RECOMMENDED TO SPRAY PHOPHOMIDON 2ML/LT,2009-02-19T21:29:44,2009,2
TELANGANA,KARIMNAGAR,0   ,KHARIF,9999,0,9999,9999,ASKED ABOUT CONTROL FOR STEM BORER DAMAGE,RECOMMENDED TO SPRAY CHLORPYRIPOS 2.5ML/LITRE,2009-02-20T09:34:09,2009,2
TELANGANA,KARIMNAGAR,0   ,KHARIF,9999,0,9999,9999,ASKED ABOUT THE CONTROL OF SHEATH BLIGHT,RECOMMENDED TO SPRAY HEXACONOZOLE 2ML/LTR,2009-02-20T10:04:34,2009,2
TELANGANA,KARIMNAGAR,0   ,KHARIF,AGRICULTURE,0,1137,3,ASKED ABOUT CONTROL FOR RICE BLAST,RECOMMENDED TO SPRAY BEAM 120GR/200 LITRES,2009-02-20T10:11:49,2009,2
TELANGANA,WARANGAL,0   ,KHARIF,9999,0,9999,9999,ASKED ABOUT CONTROL FOR LEAF FOLDER DAMAGE,RECOMMENDED TO SPRAY CHLORPYRIPOS 2.5ML/LITRE,2009-02-20T10:17:55,2009,2
TELANGANA,KARIMNAGAR,0   ,KHARIF,9999,0,9999,9999,ASKED ABOUT CONTROL FOR BPH,RECOMMENDED TO SPRAY ACEPHATE 1.5GR/LITRE,2009-02-20T10:20:13,2009,2
TELANGANA,KARIMNAGAR,0   ,KHARIF,9999,0,9999,9999,ASKED ABOUT CONTROL FOR LEAF SPOT DISEASE,RECOMMENDED TO SPRAY CHLOROTHALONIL 2GR/LITRE,2009-02-20T11:29:09,2009,2
TELANGANA,KARIMNAGAR,0   ,KHARIF,AGRICULTURE,0,1137,Fertilizer Use and Availability,ASKED ABOUT CONTROL FOR RICE BLAST,RECOMMENDED TO SPRAY BEAM 120GR/200 LITRES,2009-02-20T11:43:45,2009,2
TELANGANA,KARIMNAGAR,0   ,KHARIF,9999,0,9999,9999,ASKED ABOUT CONTROL FOR BPH,RECOMMENDED TO SPRAY ACEPHATE 1.5GR/LITRE,2009-02-20T12:06:57,2009,2
TELANGANA,HYDERABAD,0   ,KHARIF,9999,0,9999,9999,ASKED ABOUT THE CONTROL OF FLOWER DROP,RECOMMENMDED TO SPRAY PLANOPHIX 1ML/5LTR,2009-02-17T08:07:00,2009,2
TELANGANA,NALGONDA,0   ,KHARIF,9999,0,9999,9999,ASKED ABOUT THE SOWING PERIOD,RECOMMENDED THAT THE SOWING SEASON IS FROM JULY TO FEBRUARY,2009-02-17T09:19:08,2009,2
TELANGANA,NALGONDA,0   ,KHARIF,9999,0,9999,9999,ASKED ABOUT THE CONTROL OF STEM BORER DAMAGE,RECOMMENDED TO SPRAY CARTAPHYDROCHLORIDE 2GM/LTR,2009-02-20T20:52:18,2009,2
TELANGANA,HYDERABAD,0   ,KHARIF,9999,0,9999,9999,ASKED ABOUT THR CONTROL OF POWDERY MILDEW,RECOMMENDED FOR THE APLICATION OF WETTABLE SULPHUR 3GM/LTR,2009-02-21T06:48:46,2009,2
TELANGANA,MEDAK,0   ,KHARIF,9999,0,9999,9999,ASKED ABOUT THE SOWING SEASON,RECOMMENDED SOWING SEASON IS FRFOM APRIL TO NAVEMBAR,2009-02-21T10:19:24,2009,2
TELANGANA,NALGONDA,0   ,KHARIF,9999,0,9999,9999,ASKED ABOUT CONTROL FOR BORAN DEFICIENCY,RECOMMENDED TO SPRAY BORAX 3GM/LT,2009-02-21T10:30:39,2009,2
TELANGANA,ADILABAD,0   ,KHARIF,9999,0,9999,9999,ASKED ABOUT CONTROL FOR WILT,RECOMMENDED TO SPRAY BLITOX 3GM/LT,2009-02-21T10:38:37,2009,2
TELANGANA,KARIMNAGAR,0   ,KHARIF,9999,0,9999,9999,ASKED ABOUT CONTROL FOR BROWNSPOT,RECOMMENDED TO SPRAY BAVISTIN 1GM/LT,2009-02-21T11:10:05,2009,2
TELANGANA,KARIMNAGAR,0   ,KHARIF,9999,0,9999,9999,ASKED ABOUT THE CONTROL OF DIE BACK AND FRUIT ROT,RECOMMENDED TO SPRAY MANCOZEB 3 GM/LTR,2009-02-21T14:02:39,2009,2
TELANGANA,RANGAREDDY,0   ,KHARIF,9999,0,9999,9999,ASKED ABOUT THE CONTROL OF POWDERY MILDEW,RECOMMENDED TO SPRAY HEXACONOZOLE 2 ML/LTR,2009-02-21T14:11:16,2009,2
TELANGANA,WARANGAL,0   ,KHARIF,9999,0,9999,9999,ASKED ABOUT THE CONTROL OF BLAST IN PADDY,RECOMMENDED TO SPRAY TRYCYCLOZOLE@0.6GRAMS/LITER,2009-02-23T15:18:05,2009,2
TELANGANA,NALGONDA,0   ,KHARIF,HORTICULTURE,0,1268,29,ASKED ABOUT THE CONTROL OF CONTROL OF LEAF WEBBER IN MANGO,RECOMMENDED TO SPRAY QUINOLPHOS 2ML/LT,2009-02-23T15:31:46,2009,2
TELANGANA,MEDAK,0   ,KHARIF,9999,0,9999,9999,ASKED ABOUT THE CONTROL OF REDDENING OF LEAVES,RECOMMENDED TO SPRAY ZNSO4 2GM/LT,2009-02-23T17:58:40,2009,2
TELANGANA,KARIMNAGAR,0   ,KHARIF,9999,0,9999,9999,ASKED ABOUT THE CONTROL OF ZINC DEFICIENCY,RECOMMENDED TO SPRAY ZINC SULPHATE@2GRAMS/LITER,2009-02-23T18:06:34,2009,2
TELANGANA,KARIMNAGAR,0   ,KHARIF,9999,0,9999,9999,ASKED ABOUT CONTROL FOR FLOWER DROPPING,RECOMMENDED TO SPRAY PLANOPHIX 1ML/4.5LT,2009-02-20T14:12:12,2009,2
TELANGANA,WARANGAL,0   ,KHARIF,AGRICULTURE,0,1037,5,ASKED ABOUT THE VARIETIES IN GREENGRAM,RECOMMENDED LGG450 VARIETY,2009-02-13T18:44:00,2009,2
TELANGANA,MEDAK,0   ,KHARIF,AGRICULTURE,0,Tobacco,3,ASKED ABOUT CONTROL FOR APHID DAMAGE IN TOBACCO,RECOMMENDED TO SPRAY TRIZOPHOS 2.5ML/LT,2009-02-17T14:22:33,2009,2
TELANGANA,MEDAK,0   ,KHARIF,9999,0,9999,9999,ASKED ABOUT THE CONTROL OF BLAST IN PADDY,RECOMMENDED TO SPRAY TRYCYCLOZE@0.6GRAMS/LITER,2009-02-20T14:49:22,2009,2
TELANGANA,ADILABAD,0   ,KHARIF,9999,0,9999,9999,ASKED ABOUT CONTROL FOR SUCKING PESTS,RECOMMENDED TO SPRAY ROGOR 2ML/LITRE,2009-02-20T14:58:40,2009,2
TELANGANA,KARIMNAGAR,0   ,KHARIF,AGRICULTURE,0,Sunnhemp (Patua),3,pls. tell me cont. of insect of sugarcane,spray of malathion 2ml per lit water,2009-02-20T15:23:30,2009,2
TELANGANA,HYDERABAD,0   ,KHARIF,9999,0,9999,9999,ASKED ABOUT CONTROL FOR POWDERY MILDEW,RECOMMENDED TO SPRAY SULPHUR 3GM/LT,2009-02-20T18:18:52,2009,2
TELANGANA,KARIMNAGAR,0   ,KHARIF,9999,0,9999,9999,ASKED ABOUT THE CONTROL OF ZINC DEFECIENCY,RECOMMENDED TO SPRAY ZINCSULPHATE 2 GM/LTR,2009-02-20T18:58:52,2009,2
TELANGANA,RANGAREDDY,0   ,KHARIF,9999,0,9999,9999,ASKED ABOUT VARITIES,"RECOMMENDED VARIETY IS SUVARNAREKHA,DHASHERI",2009-02-21T15:08:33,2009,2
TELANGANA,KARIMNAGAR,0   ,KHARIF,9999,0,9999,9999,ASKED ABOUT CONTROL FOR LEAF SPOT,RECOMMENDED TO SPRAY BLITOX 3GM/LT,2009-02-21T16:05:29,2009,2
TELANGANA,MEDAK,0   ,KHARIF,9999,0,9999,9999,ASKED ABOUT CONTROL FOR Zn DEFICIENCY,RECOMMENDED TO SPRAY ZnSO4 2GR/LITRE,2009-02-21T19:17:40,2009,2
TELANGANA,NIZAMABAD,0   ,KHARIF,9999,0,9999,9999,ASKED ABOUT THE CONTROL OF YELLOW STEM BORER IN PADDY,RECOMMENDED TO SPRAY CARTAP HYDRO CHLORIDE@2.5GRAMS/LITER,2009-02-14T20:47:35,2009,2
TELANGANA,KARIMNAGAR,0   ,KHARIF,9999,0,9999,9999,ASKED ABOUT CONTROL FOR FRUITBORER,RECOMMENDED TO SPRAY CARBARIL 3GM/LT,2009-02-18T14:44:19,2009,2
TELANGANA,KARIMNAGAR,0   ,KHARIF,9999,0,9999,9999,ASKED ABOUT THE CONTROL OF BLAST IN PADDY,RECOMMENDED TO SPRAY TRYCYCLOZOLE@0.6GRAMS/LITER,2009-02-18T17:35:25,2009,2
TELANGANA,KARIMNAGAR,0   ,KHARIF,9999,0,9999,9999,ASKED ABOUT CONTROL FOR TERMITES,RECOMMENDED TO SPRAY CHLORPYRIPOS 4ML/LITRE,2009-02-27T16:58:47,2009,2
TELANGANA,RANGAREDDY,0   ,KHARIF,9999,0,9999,9999,ASKED ABOUT THE CONTROL OF THRIPS IN CHILLY,RECOMMENDED TO SPRAY PHASOLONE 3ML/LT,2009-02-27T18:00:48,2009,2
TELANGANA,NIZAMABAD,0   ,KHARIF,AGRICULTURE,0,Oil palm,1,ASKED ABOUT THE SOWING SEASON IN SESAMUM,RECOMMENDED SOWING SEASON IS JAN-FEB,2009-02-27T18:20:16,2009,2
TELANGANA,KHAMMAM,0   ,KHARIF,9999,0,9999,9999,ASKED ABOUT CONTROL FOR WEEDS,RECOMMENDED TO SPRAY BENTHIOCORP 1.5LITRES/ACRE,2009-02-28T18:28:09,2009,2
TELANGANA,ADILABAD,0   ,KHARIF,AGRICULTURE,0,Oil palm,29,ASKED ABOUT THE SEED RATE IN SESAMUM,RECOMMENDED SEED RATE IS 2.4KG/ACRE,2009-02-13T11:29:21,2009,2
TELANGANA,RANGAREDDY,0   ,KHARIF,9999,0,9999,9999,ASKED ABOUT THE SOWING SEASON IN SUMMER,RECOMMENDED SOWING SEASON IS JAN-FEB,2009-02-13T11:56:41,2009,2
TELANGANA,KHAMMAM,0   ,KHARIF,9999,0,9999,9999,ASKED ABOUT THE CONTROL OF BPH,RECOMMENDED TO SPRAY ACEPHATE 1.5 GM/LTR,2009-02-28T08:47:44,2009,2
TELANGANA,NIZAMABAD,0   ,KHARIF,9999,0,9999,9999,ASKED ABOUT THE CONTROL OF BLAST IN PADDY,RECOMMENDED TO SPRAY OF TRYCYCLOZOLE@0.6GRAMS/LITER,2009-02-28T14:36:47,2009,2
TELANGANA,KARIMNAGAR,0   ,KHARIF,9999,0,9999,9999,ASKED ABOUT FERTIGATION,ESC TO ATIC,2009-02-28T16:32:13,2009,2
TELANGANA,KARIMNAGAR,0   ,KHARIF,9999,0,9999,9999,ASKED ABOUT CONTROL FOR BLAST,RECOMMENDED TO SPRAY TRICYCLOZOLE 0.6GM/LT,2009-02-23T11:19:54,2009,2
TELANGANA,KARIMNAGAR,0   ,KHARIF,9999,0,9999,9999,ASKED ABOUT CONTROL FOR SHEATH BLIGHT,RECOMMENDED TO SPRAY HEXACONAZOLE 2ML/LT,2009-02-23T14:00:51,2009,2
TELANGANA,KARIMNAGAR,0   ,KHARIF,9999,0,9999,9999,ASKED ABOUT THE CONTROL OF YELLOW STEM BORER IN PADDY,RECOMMENDED TO SPRAY CARTAP HYDRO CHLORIDE@2.5ML/LITER,2009-02-20T13:20:21,2009,2
TELANGANA,RANGAREDDY,0   ,KHARIF,9999,0,9999,9999,ASKED ABOUT CONTROL FOR WEED,RECOMMENDED TO SPRAY PENDIMETHALIN 2LT/ACRE,2009-02-14T08:53:52,2009,2
TELANGANA,KARIMNAGAR,0   ,KHARIF,9999,0,9999,9999,ASKED ABOUT CONTROL FOR WEEDS CONTROL,RECOMMENDED TO SPRAY PENDIMETHALINE 1.3-1.6 LITRES/ACRE,2009-02-14T16:26:58,2009,2
TELANGANA,KARIMNAGAR,0   ,KHARIF,9999,0,9999,9999,ASKED ABOUT THE CONTROL OF SHEATH BLIGHT IN PADDY,RECOMMENDED TO SPRAY HEXACONAZOLE@2ML/LITER,2009-02-14T17:44:17,2009,2
TELANGANA,RANGAREDDY,0   ,KHARIF,9999,0,9999,9999,ASKED ABOUT FERTILIZER APPLICATION,"RECOMMENDED TO APPLY 100KG N, 40KGS P, 48 KGS K",2009-02-12T16:47:55,2009,2
TELANGANA,ADILABAD,0   ,KHARIF,HORTICULTURE,0,1268,29,ASKED ABOUT THE CONTROL OF FLOWER DROPPING IN MANGO,RECOMMENDED TO SPRAY PLANOFIX 1ML/ 5LT,2009-02-12T18:44:48,2009,2
TELANGANA,KARIMNAGAR,0   ,KHARIF,AGRICULTURE,0,1137,3,ASKED ABOUT THE ZN DEFIECIENCY IN RICE,RECOMMNEDED TO SPRAY ZNSO4 2GM/LT,2009-02-12T20:43:07,2009,2
TELANGANA,MEDAK,0   ,KHARIF,HORTICULTURE,0,1280,29,ASKED ABOUT THGE CONTROL OF THRIPS IN CHILLIS,RECOMMENDED TO SPRAY ACEPHATE@1.5GRAMS/LITER,2009-02-26T15:40:02,2009,2
TELANGANA,RANGAREDDY,0   ,KHARIF,9999,0,9999,9999,ASKED ABOUT THE CONTROL OF ZINC DEFECIENCY,RECOMMENDED TO SPRAY ZINCSULPHATE 2GM/LTR,2009-02-26T16:24:17,2009,2
TELANGANA,RANGAREDDY,0   ,KHARIF,9999,0,9999,9999,ASKED ABOUT THE CONTROL OF SHEATH BLIGHT,RECOMMENDED TO SPRAY HEXACONOZOLE 2ML/LTR,2009-02-26T21:21:50,2009,2
TELANGANA,KARIMNAGAR,0   ,KHARIF,9999,0,9999,9999,ASKED ABOUT CONTROL FOR ZN DEFICIENCY,RECOMMENDED TO SPRAY ZNSULPHATE 2GM/LT,2009-02-27T08:23:43,2009,2
TELANGANA,KARIMNAGAR,0   ,KHARIF,9999,0,9999,9999,ASKED ABOUT CONTROL FOR STEM BORER DAMAGE,RECOMMENDED TO SPRAY CARTOP HYDROCHLORIDE 2GR/LITRE,2009-02-27T10:33:39,2009,2
TELANGANA,MEDAK,0   ,KHARIF,9999,0,9999,9999,ASKED ABOUT RECOMMENDATION FOR POTASH,RECOMMENDED TO APPLY 16KGS,2009-02-03T12:33:25,2009,2
TELANGANA,ADILABAD,0   ,KHARIF,9999,0,9999,9999,ASKED ABOUT THE VARITIES,"RECOMMENDED VARITIE RAJESHSWARI, HEMA",2009-02-03T15:15:03,2009,2
TELANGANA,RANGAREDDY,0   ,KHARIF,9999,0,9999,9999,ASKED ABOUT THE VARIETIES,"RECOMMENDED VARIETIES ARE PARBANI KRANTHI, ARKA ANAMICA, ARKA ABHAYA",2009-02-04T10:44:28,2009,2
TELANGANA,MAHABOOBNAGAR,0   ,KHARIF,9999,0,9999,9999,ASKED ABOUT THE SOWING SEASON FOR SUMMER CROP,INFORMED THAT IT IS FROM JANUARY TO FEBRUARY,2009-02-04T12:26:27,2009,2
TELANGANA,NIZAMABAD,0   ,KHARIF,9999,0,9999,9999,ASKED ABOUT THE CONTROL OF YELLOW STEM BORER IN PADDY,RECOMMENDED TO SPRAY CARTAP HYDRO CHLORIDE@2GRAMS/LITER,2009-02-04T16:14:40,2009,2
TELANGANA,KARIMNAGAR,0   ,KHARIF,AGRICULTURE,0,1075,3,ASKED ABOUT THE CONTROL OF STEM BORER IN MAIZE,RECOMMENDED CARBOFURAN GRANULES@3KGS/ACRE,2009-02-02T15:27:56,2009,2
TELANGANA,ADILABAD,0   ,KHARIF,9999,0,9999,9999,ASKED ABOUT THE CONTROL OF SHEATH BLIGHT IN PADDY,RECOMMENDED TO SPRAY HEXACONAZOLE@2ML/LIT,2009-02-02T19:30:21,2009,2
TELANGANA,MEDAK,0   ,KHARIF,9999,0,9999,9999,ASKED ABOUT THE CONTROL OF EARLY BLIGHT,RECOMMENDED TO SPRAY MANCOZEB 3G/LTR,2009-02-02T09:50:25,2009,2
TELANGANA,RANGAREDDY,0   ,KHARIF,HORTICULTURE,0,1268,29,ASKED ABOUT THE CONTROL OF FRUIT DROP IN MANGO,RECOMMENDED TO SPRAY PLANOFIX@1ML/4.5LIT,2009-02-03T16:08:43,2009,2
TELANGANA,NIZAMABAD,0   ,KHARIF,AGRICULTURE,0,1137,3,ASKED ABOUT THE CONTROL OF BPH IN RICE,RECOMMENDED TO SPRAY ACEPHATE 1.5GM/LT,2009-02-11T18:18:56,2009,2
TELANGANA,KARIMNAGAR,0   ,KHARIF,9999,0,9999,9999,ASKED ABOUT CONTROL FOR TERMITES,RECOMMENDED TO APPLY LINDANE,2009-02-12T11:46:59,2009,2
TELANGANA,RANGAREDDY,0   ,KHARIF,9999,0,9999,9999,ASKED ABOUT THE CONTROL OF BLAST IN PADDY,RECOMMENDED TO SPRAY TRYCYCLOZOLE@0.6GRAMS/LITER,2009-02-12T14:28:48,2009,2
TELANGANA,NIZAMABAD,0   ,KHARIF,AGRICULTURE,0,1137,Fertilizer Use and Availability,ASKED ABOUT THE ZN DEFICIENCY IN RICE,RECOMMENDED TO SPRAY ZNSO4 2GM/LT,2009-02-06T08:19:28,2009,2
TELANGANA,KARIMNAGAR,0   ,KHARIF,9999,0,9999,9999,ASKED ABOUT CONTROL FOR APHID,RECOMMENDED TO SPRAY ACEPHATE 1GM/LT,2009-02-06T14:46:11,2009,2
TELANGANA,NALGONDA,0   ,KHARIF,9999,0,9999,9999,ASKED ABOUT CONTROL FOR IRON DEFICIENCY,RECOMMENDED TO SPRAY IRONSULPHATE 20-30GM/LT,2009-02-07T11:57:14,2009,2
TELANGANA,RANGAREDDY,0   ,KHARIF,9999,0,9999,9999,ASKED ABOUT THE CONTROL OF PRE EMERGENCE WEEDS,RECOMMENDED TO SPRAY PENDIMETHALIN@1.0TO 1.5LIT/ACRE,2009-02-07T15:45:59,2009,2
TELANGANA,NIZAMABAD,0   ,KHARIF,AGRICULTURE,0,1075,3,ASKED ABOUT THE CONTROL OF TERMITES IN MAIZE,RECOMMENDED TO DUST WITH LINDANE POWDER,2009-02-07T16:07:48,2009,2
TELANGANA,ADILABAD,0   ,KHARIF,HORTICULTURE,0,1280,2,ASKED ABOUT THE CONTROL OF FRUIT ROT IN CHILLIES,RECOMMENDED TO SPRAY MANCOZED @2GRAMS/LITER,2009-02-07T16:21:44,2009,2
TELANGANA,NIZAMABAD,0   ,KHARIF,9999,0,9999,9999,ASKED ABOUT CONTROL FOR BROAD LEAVED PLANTS,RECOMMENDED TO SPRAY FERNACHNOSE 2.5GR/LITRE,2009-02-05T09:53:55,2009,2
TELANGANA,MEDAK,0   ,KHARIF,HORTICULTURE,0,1280,29,ASKED ABOUT THE CONTROL OF THRIPS IN CHILLIES,RECOMMENDED TO SPRAY ACEPHATE@1.5GRAMS/LITRE,2009-02-05T16:17:09,2009,2
TELANGANA,NIZAMABAD,0   ,KHARIF,9999,0,9999,9999,ASKED ABOUT CONTROL FOR THRIPS,RECOMMENDED TO SPRAY IMIDACHLOPRID 0.3ML/LT,2009-02-05T16:36:38,2009,2
TELANGANA,KHAMMAM,0   ,KHARIF,9999,0,9999,9999,ASKED ABOUT THE CONTROL OF REDDENING OF THE LEAVES,RECOMMENDED TO SPRAY 2GM ZNSO4/LT OF WATER,2009-02-05T18:27:07,2009,2
TELANGANA,MAHABOOBNAGAR,0   ,KHARIF,9999,0,9999,9999,ASKED WHETHER TO GIVE IRRIGATION DURING FLOWERING STAGE OR NOT,RECOMMENDED NOT TO GIVE IRRIGATION DURING FLOWERING PERIOD,2009-02-09T11:15:54,2009,2
TELANGANA,ADILABAD,0   ,KHARIF,9999,0,9999,9999,ASKED ABOUT THE CONTROL OF WEEDS,RECOMMENDED TO SPRAY BENTHIOCARP 1.5LTR/ACRE,2009-02-11T11:54:05,2009,2
TELANGANA,NALGONDA,0   ,KHARIF,AGRICULTURE,0,1137,2,ASKED ABOUT CONTROL FOR RICE BLAST,RECOMMENDED TO SPRAY BEAM 120GR/200 LITRES/ACRE,2009-02-10T18:55:11,2009,2
TELANGANA,MEDAK,0   ,KHARIF,9999,0,9999,9999,ASKED ABOUT THE CONTROL OF BLAST IN PADDY,RECOMMENDED TO SPRAY TRYCYCLOZOLE@0.6GRAMS/LITER,2009-02-09T17:47:07,2009,2
TELANGANA,NIZAMABAD,0   ,KHARIF,9999,0,9999,9999,ASKED ABOUT THE CONTROL OF THRIPS IN CHILLY,RECOMMENDED TO SPRAY PHASOLONE 3ML/LT,2009-02-09T20:18:05,2009,2
TELANGANA,RANGAREDDY,0   ,KHARIF,9999,0,9999,9999,ASKED ABOUT CONTROL FOR LEAF SPOTS,RECOMMENDED TO SPRAY BAVISTIN 1GR/LITRE,2009-02-27T12:09:15,2009,2
TELANGANA,KARIMNAGAR,0   ,KHARIF,9999,0,9999,9999,ASKED ABOUT CONTROL FOR STEM BORER DAMAGE,RECOMMENDED TO APPLY ENDOSULFON 3KGS/ACRE,2009-02-24T19:48:53,2009,2
TELANGANA,NIZAMABAD,0   ,KHARIF,9999,0,9999,9999,ASKED ABOUT CONTROL FOR LEAF BLIGHTENING,RECOMMNENDED TO SPRAY MANCOZEB 2.5GR/LITRE,2009-02-24T20:15:10,2009,2
TELANGANA,MEDAK,0   ,KHARIF,9999,0,9999,9999,ASKED NABOUT CONTROL FOR FE DEFICIENCY,RECOMMENDED TO SPRAY FE SULPHATE 20-30GM/LT,2009-02-25T06:24:59,2009,2
TELANGANA,ADILABAD,0   ,KHARIF,9999,0,9999,9999,ASKED ABOUT CONTROL FOR STEM ROT,RECOMMENDED TO SPRAY MANCOZEB 3GM/LT,2009-02-25T08:17:49,2009,2
TELANGANA,KARIMNAGAR,0   ,KHARIF,9999,0,9999,9999,ASKED ABOUT CONTROL FOR BPH,RECOMMENDED TO SPRAY ACEPHATE 1.5GM/LT,2009-02-25T10:13:14,2009,2
TELANGANA,KARIMNAGAR,0   ,KHARIF,9999,0,9999,9999,ASKED ABOUT THE SEED TREATMENT IN GROUND NUT,RECOMMENDED TO TREATING THESEEDS WITH MANCOZEB 3GM/KG SEED,2009-02-25T15:12:58,2009,2
TELANGANA,ADILABAD,0   ,KHARIF,9999,0,9999,9999,ASKED ABOUT THE SOWING SEASON,INFORMED THAT THE SEASONIS FROM DECEMBER TO APRIL,2009-02-25T16:42:53,2009,2
TELANGANA,KARIMNAGAR,0   ,KHARIF,9999,0,9999,9999,ASKED ABOUT THE CONTROL OF STEM BORER DAMAGE,RECOMMENDED TO SPRAY CARTAPHYDROCHLORIDE 2GM/LTR,2009-02-26T18:25:39,2009,2
TELANGANA,RANGAREDDY,0   ,KHARIF,9999,0,9999,9999,ASKED ABOUT CONTROL FOR ZNDEFICIENCY,RECOMMENDED TO SPRAY ZNSULPHATE 2ML/LT,2009-02-23T13:09:00,2009,2
TELANGANA,KARIMNAGAR,0   ,KHARIF,9999,0,9999,9999,ASKED ABOUT THE CONTROL BLAST IN PADDY,RECOMMENDED TO SPRAY TRYCYCLOZOLE@0.6GRAMS/LITER,2009-02-23T14:25:12,2009,2
TELANGANA,KARIMNAGAR,0   ,KHARIF,AGRICULTURE,0,1137,Fertilizer Use and Availability,ASKED ABOUT THE CONTROL OF ZN DEFIECIENCY IN RICE,RECOMMENDED TO SPRAY ZNSO4 2GM/LT,2009-02-23T17:51:35,2009,2
TELANGANA,RANGAREDDY,0   ,KHARIF,HORTICULTURE,0,1268,29,ASKED ABOUT THE CONTROL OF HOPPERS IN MANGO,RECOMMENDED TO SPRAY PHOSPHOMIDON 2ML/LT,2009-02-23T19:53:42,2009,2
TELANGANA,NIZAMABAD,0   ,KHARIF,AGRICULTURE,0,1137,2,ASKED ABOUT THE CONTROL OF SHEATH BLIGHT IN RICE,RECOMMENDED TO SPRAY PROPICONAZOLE 2ML/LT,2009-02-23T20:00:40,2009,2
TELANGANA,KARIMNAGAR,0   ,KHARIF,9999,0,9999,9999,ASKED ABOUT CONTROL FOR HERBICIDE,RECOMMENDED TO SPRAY PENDIMETHALIN 1.5LT/ACRE,2009-02-24T07:29:55,2009,2
TELANGANA,NALGONDA,0   ,KHARIF,9999,0,9999,9999,ASKED ABOUT THE SOWING SEASON,INFORMED THAT THE SOWIMG SEASON IS FROM JANUARY TO FEBRUARY.,2009-02-21T13:01:49,2009,2
TELANGANA,KARIMNAGAR,0   ,KHARIF,9999,0,9999,9999,ASKED ABOUT THE CONTROL OF SHEATH BLIGHT,RECOMMENDED TO SPRAY HEXACONOZOLE 2ML/LTR,2009-02-21T13:10:48,2009,2
TELANGANA,MEDAK,0   ,KHARIF,9999,0,9999,9999,ASKED ABOUT THE CONTROL OF SHEATH BLIGHT,RECOMMEMDED FOR THE APPLICATION OF HEXACONOZOLE 2 ML/LTR,2009-02-21T13:50:14,2009,2
TELANGANA,KARIMNAGAR,0   ,KHARIF,9999,0,9999,9999,ASKED ABOUT THE CONTROL OF FLOWER DROP,RECOMMENDED TO SPRAY PLANOPHIX 1ML/5LTR,2009-02-21T14:02:15,2009,2
TELANGANA,KARIMNAGAR,0   ,KHARIF,9999,0,9999,9999,ASKED ABOUT SOWING TIME,GIVEN INFORMATION IS FEB-MARCH,2009-02-21T14:10:02,2009,2
TELANGANA,MAHABOOBNAGAR,0   ,KHARIF,9999,0,9999,9999,ASKED ABOUT THE CONTROL OF SPODOPTERA DAMAGE,ESC TO ATIC,2009-02-21T14:27:24,2009,2
TELANGANA,NALGONDA,0   ,KHARIF,9999,0,9999,9999,ASKED ABOUT CONTROL FOR FLOWER DROPPING,RECOMMENDED TO SPRAY PLANOFIX 1ML/4.5LT,2009-02-21T15:31:19,2009,2
TELANGANA,WARANGAL,0   ,KHARIF,9999,0,9999,9999,ASKED ABOUT CONTROL FOR WHITE FLY,RECOMMENDED TO SPRAY ACEPHATE 1.5GM/LT,2009-02-21T17:35:45,2009,2
TELANGANA,NIZAMABAD,0   ,KHARIF,9999,0,9999,9999,ASKED ABOUT THE CONTROL OF BLAST IN PADDY,RECOMMENDED TO SPRAY TRYCYCLOZOLE@0.6GRAMS/LITER,2009-02-22T20:02:43,2009,2
TELANGANA,HYDERABAD,0   ,KHARIF,9999,0,9999,9999,ASKED ABOUT THE CONTROL OF FLOWER DROP,RECOMMENDED FOR THE APLICATION OF PLASNOPHIX 1ML/5LTR,2009-02-23T06:20:31,2009,2
TELANGANA,KARIMNAGAR,0   ,KHARIF,9999,0,9999,9999,ASKED ABOUT THE VARIETIES,"RECOMMENDED VARIETIES ARE BANESHAN,THOTHAPURI,NEELESHANDASHERI,SUVARNAREKA",2009-02-23T07:00:23,2009,2
TELANGANA,KARIMNAGAR,0   ,KHARIF,AGRICULTURE,0,1137,2,ASKED ABOUT THE CONTROL OF RICE BLAST,RECOMMENDED TO SPRAY TRICYCLOZOLE 0.6 GM/LTR,2009-02-23T09:10:35,2009,2
TELANGANA,KARIMNAGAR,0   ,KHARIF,9999,0,9999,9999,ASKED ABOUT CONTROL FOR FLOWER DROP,RECOMMENDED TO SPRAY PLANOPHHIX 1ML/4.5 LITRES,2009-02-25T19:41:59,2009,2
TELANGANA,NIZAMABAD,0   ,KHARIF,9999,0,9999,9999,ASKED ABOUT CONTROL FOR STEMBORER,RECOMMENDED TO APPLY CARTAP HYDROCHLORIDE 4G 8KG/ACRE,2009-02-26T12:06:23,2009,2
TELANGANA,KARIMNAGAR,0   ,KHARIF,9999,0,9999,9999,ASKED ABOUT THE SOWING SEASON OF GROUND NUT,RECOMMENDED TO SOW NOV-DECEMBER MONTHS,2009-02-24T12:38:19,2009,2
TELANGANA,NIZAMABAD,0   ,KHARIF,AGRICULTURE,0,1075,Fertilizer Use and Availability,ASKED ABOUT THE FERTILISER RECOMMENDATION MAIZE,RECOMMENDED FERTILISERS N-P-K ARE 40-20-16KG/ACRE,2009-02-24T13:38:27,2009,2
TELANGANA,KARIMNAGAR,0   ,KHARIF,9999,0,9999,9999,ASKED ABOUT THE VARIETIES IN RIDGE GOURD,"RECOMMENDED VARIETIES ARE MAHIMA,NS-401,NS-403",2009-02-24T14:28:23,2009,2
TELANGANA,WARANGAL,0   ,KHARIF,9999,0,9999,9999,ASKED ABOUT THE CONTROL OF BLACK WART,RECOMMENDED TO SPRAY CARBORIL 3 GM/LTR,2009-02-28T09:29:50,2009,2
TELANGANA,NIZAMABAD,0   ,KHARIF,9999,0,9999,9999,ASKED ABOUT CONTROL FOR STEM BORER DAMAGE,RECOMMENDED TO SPRAY CHLORPYRIPOS 2.5ML/LITRE,2009-02-28T12:07:26,2009,2
TELANGANA,RANGAREDDY,0   ,KHARIF,9999,0,9999,9999,ASKED ABOUT CONTROL FOR LEAF GALLS,RECOMMENDED TO SPRAY BAVISTIN 1GR/LITRE,2009-02-28T12:50:46,2009,2
TELANGANA,KARIMNAGAR,0   ,KHARIF,9999,0,9999,9999,ASKED ABOUT THE CONTROL OF SHEATH BLIGHT,RECOMMENDED FOR THE SPRAY OF HEXACONOZOLE 2 ML/LTR,2009-02-21T07:49:33,2009,2
TELANGANA,KHAMMAM,0   ,KHARIF,AGRICULTURE,0,1137,2,ASKED ABOUT THE CONTROL OF RICE BLAST,RECOMMENDED TO SPRAY TRICYCLOZOLE 0.6 GM/LTR,2009-02-21T09:27:34,2009,2
TELANGANA,WARANGAL,0   ,KHARIF,9999,0,9999,9999,ASKED ABOUT CONTROL FOR APHID DAMAGE,RECOMMENDED TO SPRAY TRIZOPHOS 2.5ML/LITRE,2009-02-21T10:11:08,2009,2
TELANGANA,MAHABOOBNAGAR,0   ,KHARIF,9999,0,9999,9999,ASKED ABOUT CONTROL FOR LEAF FOLDER,RECOMMENDED TO SPRAY MONOCHROTOPHOS 2ML/LT,2009-02-21T11:46:56,2009,2
TELANGANA,MEDAK,0   ,KHARIF,9999,0,9999,9999,ASKED ABOUT THE MARKET RATES,INFORMED THAT IT IS FROM 1600 TO 2000rs IN SIDDIPET MARKET,2009-02-27T15:41:18,2009,2
TELANGANA,MAHABOOBNAGAR,0   ,KHARIF,9999,0,9999,9999,ASKED ABOUT THE CONTROL OF SHEATH BLIGHT,RECOMMENDED TO SPRAY HEXACONOZOLE 2ML/LTR,2009-02-27T16:52:46,2009,2
TELANGANA,KARIMNAGAR,0   ,KHARIF,AGRICULTURE,0,1137,2,ASKED ABOUT THE CONTROL OF RICE BLAST,RECOMMENDED TO SPRAY TRICYCLOZOLE 0.6 GM/LTR,2009-02-27T17:20:52,2009,2
TELANGANA,NIZAMABAD,0   ,KHARIF,AGRICULTURE,0,1137,2,ASKED ABOUT THE CONTROL OF SHEATH BLIGHT IN RICE,RECOMMENDED TO SPRAY PROPICONAZOLE 2ML/LT,2009-02-27T18:13:09,2009,2
TELANGANA,KARIMNAGAR,0   ,KHARIF,HORTICULTURE,0,1268,Fertilizer Use and Availability,ASKED ABOUT THE CONTROL OF FLOWER DROP IN MANGO,RECOMMENDED TO SPRAY POTTASIUM NITRATE@10GRAMS/LITER,2009-02-28T18:54:16,2009,2
TELANGANA,KHAMMAM,0   ,KHARIF,9999,0,9999,9999,ASKED ABOUT CONTROL FOR WEEDS,RECOMMENDED TO SPRAY BENTHIOCORP 1LITRE/ACRE,2009-02-18T11:34:27,2009,2
TELANGANA,NALGONDA,0   ,KHARIF,9999,0,9999,9999,ASKED ABOUT THE CONTROL OF BPH,RECOMMENDED TO SPRAY ACEPHATE 1.5 GM/LTR,2009-02-18T12:23:03,2009,2
TELANGANA,KHAMMAM,0   ,KHARIF,9999,0,9999,9999,ASKED ABOUT THE CONTROL OF SHEATH BLIGHT,RECOMMENDED FOR THE APPLICATION OF HEXACONOZOLE 1ML/LTR,2009-02-16T16:28:45,2009,2
TELANGANA,RANGAREDDY,0   ,KHARIF,9999,0,9999,9999,ASKED ABOUT CONTROL FOR WEEDS,RECOMMENDED TO SPRAY ATRATAF 1KG/ACRE,2009-02-16T17:27:34,2009,2
TELANGANA,RANGAREDDY,0   ,KHARIF,9999,0,9999,9999,ASKED ABOUT THE CONTROL OF FLOWER DROP,RECOMMENDED TO SPRAY PLANOPHIX 1ML/5LTR,2009-02-17T11:38:23,2009,2
TELANGANA,KARIMNAGAR,0   ,KHARIF,9999,0,9999,9999,ASKED ABOUT CONTROL FOR THRIPS,RECOMMENDED TO SPRAY IMIDACHLOPRID 0.3ML/LT,2009-02-20T13:10:28,2009,2
TELANGANA,KARIMNAGAR,0   ,KHARIF,9999,0,9999,9999,ASKED ABOUT CONTROL FOR STEM BORER DAMAGE,RECOMMENDED TO SPRAY CARTOP HYDROCHLORIDE 2GR/LITRE,2009-02-20T15:19:59,2009,2
TELANGANA,KARIMNAGAR,0   ,KHARIF,9999,0,9999,9999,ASKED ABOUT THE CONTROL OF STEM BORER,RECOMMENDED TO SPRAY CARTAPHYDROCHLORIDE 2GM/LTR,2009-02-20T07:14:25,2009,2
TELANGANA,ADILABAD,0   ,KHARIF,9999,0,9999,9999,ASKED ABOUR VARIETIES FOR TAJITUS,RECOMMENDED TO CHOOSE PUSA VARIETIES,2009-02-20T10:27:38,2009,2
TELANGANA,MEDAK,0   ,KHARIF,9999,0,9999,9999,ASKED ABOUT CONTROL FOR STEM BORER DAMAGE,RECOMMENDED TO SPRAY ENSOSULFON 2ML/LITRE,2009-02-20T10:40:49,2009,2
TELANGANA,KARIMNAGAR,0   ,KHARIF,9999,0,9999,9999,ASKED ABOUT THE CONTROL OF BPH IN PADDY,RECOMMENDED TO SPRAY APPLAUD@1LITER/3ACRES,2009-02-20T11:33:04,2009,2
TELANGANA,NIZAMABAD,0   ,KHARIF,9999,0,9999,9999,ASKED ABOUT THE CONTROL OF SHEATH BLIGHT IN PADDY,RECOMMENDED TO SPRAY HEXACONAZOLE@2ML/LITER,2009-02-14T19:18:01,2009,2
TELANGANA,WARANGAL,0   ,KHARIF,9999,0,9999,9999,SASKED ABOUT CONTROL FOR BLAST,RECOMMENDED TO SPRAY TRICYCLOZOLE 0.6GM/LT,2009-02-17T16:41:12,2009,2
TELANGANA,WARANGAL,0   ,KHARIF,9999,0,9999,9999,ASKED ABOUT THE CONTROL OF BLAST IN PADDY,RECOMMENDED TO SPRAY TRYCYCLOZOLE@0.6GRAMS/LITER,2009-02-17T18:35:41,2009,2
TELANGANA,KARIMNAGAR,0   ,KHARIF,9999,0,9999,9999,ASKED ABOUT THE CONTROL OF ZINC IN PADDY,RECOMMENDED TO SPRAY ZINC SULPHATE@2GRAM/LITER,2009-02-17T18:58:53,2009,2
TELANGANA,ADILABAD,0   ,KHARIF,9999,0,9999,9999,ASKED ABOUT CONTROL FOR POWDERY MILDEW,RECOMMENDED TO SPRAY SULPHER 3GM/LT,2009-02-20T18:04:58,2009,2
TELANGANA,KARIMNAGAR,0   ,KHARIF,9999,0,9999,9999,ASKED ABOUT THE CONTROL OF STEM BORER,RECOMMENDED TO SPRAY CARTAPHYDROCHLORIDE 2 GM/LTR,2009-02-20T19:10:37,2009,2
TELANGANA,RANGAREDDY,0   ,KHARIF,9999,0,9999,9999,ASKED ABOUT CONTROL FOR JASSIDS,RECOMMENDED TO SPRAY ACEPHATE 1.5GM/LT,2009-02-18T19:18:17,2009,2
TELANGANA,WARANGAL,0   ,KHARIF,9999,0,9999,9999,ASKED ABOUT CONTROL FOR BLAST,RECOMMENDED TO SPRAY TRICYCLOZOLE 1.6GM/LT,2009-02-18T19:30:55,2009,2
TELANGANA,KARIMNAGAR,0   ,KHARIF,AGRICULTURE,0,Oil palm,5,ASKED ABOUT VAIRETIES FOR SESAMUM,RECOMMENDED TO CHOOSE RAJESHWARI OR SWETHATIL OR CHANDANA,2009-02-19T10:27:05,2009,2
TELANGANA,HYDERABAD,0   ,KHARIF,9999,0,9999,9999,ASKED ABOUT THE FERTILIZER DOSAGE,"RECOMMENDED DOSAGE IS 36 KG/N, 18KG/P, 18 KG/K IN THREE EQUAL SPLITS AFTER 30,60,90 DAYS",2009-02-19T16:43:15,2009,2
TELANGANA,MEDAK,0   ,KHARIF,AGRICULTURE,0,1137,3,ASKED ABOUT THE CONTROL OF STEM BORER IN RICE,RECOMMENDED TO SPRAY CARBOFURON 3G GRANULES 10 KG/ACRE,2009-02-19T18:07:11,2009,2
TELANGANA,NIZAMABAD,0   ,KHARIF,9999,0,9999,9999,ASKED ABOUT THE CONTROL OF MITES IN CHILLY,RECOMMENDED TO SPRAY DICOFOL 5ML/LT,2009-02-02T18:34:22,2009,2
TELANGANA,ADILABAD,0   ,KHARIF,AGRICULTURE,0,1137,2,ASKED ABOUT THE CONTROL OF SHEATH BLIGHT IN RICE,RECOMMENDED TO SPRAY PROPICONAZOLE 2ML/LT,2009-02-02T18:37:12,2009,2
TELANGANA,MEDAK,0   ,KHARIF,AGRICULTURE,0,1137,2,ASKED ABOUT THE CONTROL OF RICE BLAST IN PADDY,RECOMMENDED TO SPRAY TRYCYCLOZOLE@0.06GRAMS/LIT,2009-02-03T13:51:56,2009,2
TELANGANA,KARIMNAGAR,0   ,KHARIF,HORTICULTURE,0,Carrot,1,ASKED ABOUT THE SOWING SEASON OF CARROT,RECOMMENDED TO SOW IN THE NOVEMBER MONTH,2009-02-03T13:55:35,2009,2
TELANGANA,NALGONDA,0   ,KHARIF,AGRICULTURE,0,1137,2,ASKED ABOUT THE CONTROL OF RICE BLAST,RECOMMENDED TO SPRAY TRICYCLOZOLE 0.6 GM/LTR,2009-02-03T14:31:42,2009,2
TELANGANA,MAHABOOBNAGAR,0   ,KHARIF,AGRICULTURE,0,1075,3,ASKED ABOUT THE CONTROL OF STEM BORER IN MAIZE,RECOMMENDED MONOCROTOPHOS@2ML/LIT,2009-02-06T17:38:24,2009,2
TELANGANA,KHAMMAM,0   ,KHARIF,9999,0,9999,9999,ASKED ABOUT THE CONTROL OF SHATH BLIGHT IN PADDY,RECOMMENDED TO SPRAY HEXACONAZOLE@2ML/LIT,2009-02-06T18:18:24,2009,2
TELANGANA,RANGAREDDY,0   ,KHARIF,HORTICULTURE,0,Tomato,29,ASKED ABOUT THE VARIETIES IN TOMATO,RECOMMENDED MARUTHAM VARIETY,2009-02-06T18:23:26,2009,2
TELANGANA,RANGAREDDY,0   ,KHARIF,9999,0,9999,9999,ASKED ABOUT THE CONTROL OF ZINC DEFECIENCY IN PADDY,RECOMMENDED TO SPRAY ZINC SULPHATE@2GRAMS/LITER,2009-02-06T19:36:08,2009,2
TELANGANA,RANGAREDDY,0   ,KHARIF,9999,0,9999,9999,ASKED ABOUT VARITIES,"RECOMMENDED VARITIES ARE VARSHA, MAHIKO HYBRID",2009-02-03T18:54:26,2009,2
TELANGANA,KHAMMAM,0   ,KHARIF,9999,0,9999,9999,ASKED ABOUT CONTROL FOR APHIDS,RECOMMENDED TO SPRAY ACEPHATE 1.5GM/LT,2009-02-03T19:21:18,2009,2
TELANGANA,KARIMNAGAR,0   ,KHARIF,9999,0,9999,9999,ASKED ABOUT THE SOWING SEASON,INFORMED THAT THE TIME IS FROM DECEMBER TO JANUARY 15,2009-02-03T19:58:41,2009,2
TELANGANA,NALGONDA,0   ,KHARIF,AGRICULTURE,0,1653,2,ASKED ABOUT THE GROUNDNUT ROOTROT,RECOMMENDED TO SPRAY MANCOZEB@2.5GRAMS/LIT,2009-02-01T10:51:07,2009,2
TELANGANA,ADILABAD,0   ,KHARIF,9999,0,9999,9999,ASKED ABOUT THE CONTROL OF BLAST IN PADDY,RECOMMENDED TO SPRAY TRYCYCLOZOLE@O.6GRAMS/LIT,2009-02-05T19:30:25,2009,2
TELANGANA,NIZAMABAD,0   ,KHARIF,AGRICULTURE,0,1137,Fertilizer Use and Availability,ASKED ABOUT THE FERTILISER RECOMMENDATION IN RABI RICE,RECOMMENDED N-P-K FERTILISERS ARE 48-24-16KG/ACRE,2009-02-06T07:31:15,2009,2
TELANGANA,KARIMNAGAR,0   ,KHARIF,AGRICULTURE,0,1137,2,ASKED ABOUT THE CONTROL OF BLAST IN RICE,RECOMMENDED TO SPRAY TRICYCLOZOLE 0.6GM/LT,2009-02-06T07:58:43,2009,2
TELANGANA,ADILABAD,0   ,KHARIF,9999,0,9999,9999,ASKED ABOUT THE WEEDICIDE,RECOMMENDED TO SPRAY PENDIMITHALIN 1.5 LTR/ACRE,2009-02-02T13:32:13,2009,2
TELANGANA,HYDERABAD,0   ,KHARIF,9999,0,9999,9999,ASKED ABOUT THE CONTROL OF SIGATOKA,RECOMMENDED TO SPRAY CHLOROTHALONIL 2GM/LTR,2009-02-05T08:46:49,2009,2
TELANGANA,RANGAREDDY,0   ,KHARIF,AGRICULTURE,0,Cotton (Kapas),6,ASKED ABOUT THE MARKET RATE FOR COTTON IN SHADNAGAR MARKET,INFORMED AS PER THE MARKET REPORT THAT IT IS BETWEEN RS 2850-3000,2009-02-05T10:11:47,2009,2
TELANGANA,ADILABAD,0   ,KHARIF,9999,0,9999,9999,ASKED ABOUT THE CONTROL OF ROOT ROT,RECOMMENDED TO SPRAY REDOMIL 3GM/LTR,2009-02-05T12:32:09,2009,2
TELANGANA,KHAMMAM,0   ,KHARIF,9999,0,9999,9999,ASKED ABOUT CONTROL FOR WEEDS,RECOMMENDED TO SPRAY PENDIMETHYLIN 2LT/ACRE,2009-02-05T15:41:40,2009,2
TELANGANA,RANGAREDDY,0   ,KHARIF,9999,0,9999,9999,ASKED ABOUT CONTROL FOR POWDERAY MILDEW,RECOMENDED TO SPRAY SULPHUR 2GM/LT,2009-02-11T11:09:11,2009,2
TELANGANA,NIZAMABAD,0   ,KHARIF,AGRICULTURE,0,1137,3,ASKED ABOUT THE CONTROL OF LEAF FOLDER IN RICE,RECOMMENDED TO SPRAY ACEPHATE 1.5GM/LT,2009-02-11T11:41:25,2009,2
TELANGANA,WARANGAL,0   ,KHARIF,AGRICULTURE,0,Sunflower (suryamukhi),5,ASKED ABOUT VARIETIES FOR SUNFLOWER,RECOMMENDED TO CHOOSE SUNGOLD OR KBSH-1,2009-02-11T14:19:46,2009,2
TELANGANA,NALGONDA,0   ,KHARIF,HORTICULTURE,0,1268,29,ASKED ABOUT THE CONTROL OF HOPPERS IN MANGO,RECOMMENDED TO SPRAY PHOPHOMIDON 2ML/LT,2009-02-11T18:31:17,2009,2
TELANGANA,HYDERABAD,0   ,KHARIF,9999,0,9999,9999,ASKED ABOUT CONTROL FOR FLOWER DROP,RECOMMENDED TO SPRAY PLANOFIX 1ML/4.5LITRES,2009-02-11T18:55:28,2009,2
TELANGANA,WARANGAL,0   ,KHARIF,9999,0,9999,9999,ASKED ABOUT CONTROL FOR BLAST,RECOMMENDED TO SPRAY TRICYCLOZOLE 1.6GM/LT,2009-02-12T07:57:14,2009,2
TELANGANA,RANGAREDDY,0   ,KHARIF,9999,0,9999,9999,ASKED ABOUT CONTROLFOR FLOWER DROPPING,RECOMMENDED TO SPRAY PLANOPIX 1ML/4.5LT,2009-02-12T08:35:47,2009,2
TELANGANA,HYDERABAD,0   ,KHARIF,9999,0,9999,9999,ASKED ABOUT CONTROL FOR MITE DAMAGE,RECOMMENDED TO SPRAY DICHLOROVOS 1ML/LITRE,2009-02-12T11:36:41,2009,2
TELANGANA,NIZAMABAD,0   ,KHARIF,9999,0,9999,9999,ASKED ABOUT THE CONTROL OF BLAST IN PADDY,RECOMMENDED TO SPRAY TRYCYCLOZOLE@0.6GRAMS/LITER,2009-02-12T11:38:00,2009,2
TELANGANA,NIZAMABAD,0   ,KHARIF,9999,0,9999,9999,ASKED ABOUT CONTROL FOR BPH,RECOMMENDED TO SPRAY CARBARIL 3GM/LT,2009-02-14T08:37:27,2009,2
TELANGANA,MAHABOOBNAGAR,0   ,KHARIF,AGRICULTURE,0,1137,Fertilizer Use and Availability,ASKED ABOUT THE FERTILISER RECOMMENDATION IN RICE,RECOMMENDED DOSAGE OF N-P-K IS 48-24-16/ACRE,2009-02-09T18:12:04,2009,2
TELANGANA,NIZAMABAD,0   ,KHARIF,9999,0,9999,9999,ASKED ABOUT THE CONTROL OF STEM BORER,RECOMMENDED TO SPRAY CARTAPHYDROCHLORIDE 2GM/LTR,2009-02-10T12:24:43,2009,2
TELANGANA,RANGAREDDY,0   ,KHARIF,9999,0,9999,9999,ASKED ABOUT THE CONTROL OF BPH IN PADDY,RECOMMENDED TO SPRAY ACEPHATE@1.5GRAMS/LITER,2009-02-10T12:25:09,2009,2
TELANGANA,RANGAREDDY,0   ,KHARIF,HORTICULTURE,0,1280,29,ASKED ABOUT CONTROL FOR CHILLI THRIPS DAMAGE,RECOMMENDED TO SPRAY SPINOSHAD 75ML/ACRE,2009-02-12T13:57:48,2009,2
TELANGANA,MEDAK,0   ,KHARIF,9999,0,9999,9999,ASKED ABOUT THE CONTROL OF FLOWER DROP,RECOMMENDED TO SPRAY PLANOPHIX 1ML/5LTR,2009-02-13T09:26:13,2009,2
TELANGANA,NIZAMABAD,0   ,KHARIF,9999,0,9999,9999,ASKED ABOUT THE CONTROL OF STEM BORER,RECOMMENDED TO SPRAY CARTAPHYDROCHLORIDE 2GM/LTR,2009-02-13T10:57:22,2009,2
TELANGANA,KARIMNAGAR,0   ,KHARIF,9999,0,9999,9999,ASKED ABOUT THE CONTROL OF BLAST IN PADDY,RECOMMENDED TO SPRAY TRYCYCLOZOLE@0.6GRAMS/LITER,2009-02-13T18:06:18,2009,2
TELANGANA,NALGONDA,0   ,KHARIF,9999,0,9999,9999,ASKED ABOUT CONTROL FOR BLACKFLY,RECOMMENDED TO SPRAY ROGOR 2ML/LITRE,2009-02-10T14:22:46,2009,2
TELANGANA,KHAMMAM,0   ,KHARIF,9999,0,9999,9999,ASKED ABOUT THE CONTROL OF THRIPS,RECOMMENDED TO SPRAY ACEPHATE 1.5 GM/LTR,2009-02-10T15:50:43,2009,2
TELANGANA,HYDERABAD,0   ,KHARIF,9999,0,9999,9999,ASKED ABOUT CONTROL FOR POWDERY POWDERY MILDEW,RECOMMENDED TO SPRAY DINOCAB 1ML/LT,2009-02-07T20:55:07,2009,2
TELANGANA,MEDAK,0   ,KHARIF,AGRICULTURE,0,1137,3,ASKED ABOUT THE CONTROL OF HISPA IN RICE,RECOMMENDED TO SPRAY MONOCROTOPHOS 1.6ML/LT,2009-02-12T18:10:15,2009,2
TELANGANA,MEDAK,0   ,KHARIF,9999,0,9999,9999,ASKED ABOUT THE CONTROL OF STEM BORER,RECOMMENDED TO SPRAY CARTAPHYDROCHLORIDE 2 GM/LTR,2009-02-12T20:03:54,2009,2
TELANGANA,NALGONDA,0   ,KHARIF,AGRICULTURE,0,1137,2,ASKED ABOUT THE CONTROL OF RICE BLAST,RECOMMENDED TO SPRAY TRICYCLOZOLE 0.6 GM/LTR,2009-02-13T07:14:15,2009,2
TELANGANA,MEDAK,0   ,KHARIF,9999,0,9999,9999,ASKED ABOUT THE VARIETIES,"RECOMMENDED VARIETIES ARE TEJA ,PANTH-90,PANTH-30,LBG-611,22,645,648",2009-02-09T09:36:52,2009,2
TELANGANA,NALGONDA,0   ,KHARIF,9999,0,9999,9999,ASKED ABOUT CONTROL FOR FLOWER DROPPING,RECOMMENDED TO APPLY POTASSIUM,2009-02-07T17:46:25,2009,2
TELANGANA,MEDAK,0   ,KHARIF,9999,0,9999,9999,ASKED ABOUT THE CONTROL OF SHETH BLIGHT IN PADDY,RECOMMENDED TO SPRAY HEXACONAZOLE@2ML/LIT,2009-02-07T18:07:23,2009,2
TELANGANA,WARANGAL,0   ,KHARIF,9999,0,9999,9999,ASKED ABOUT THE CONTROL OF ZINC DEFICIENCY,RECOMMENDED TO SPRAY ZINC SULPHATE@2GRAMS/LITER,2009-02-07T18:28:43,2009,2
TELANGANA,ADILABAD,0   ,KHARIF,9999,0,9999,9999,ASKED ABOUT CONTROL FOR CANKER DISEASE,RECOMMENDED TO SPRAY COC 3GR WITH STREPTOMYCIN,2009-02-28T10:23:47,2009,2
TELANGANA,WARANGAL,0   ,KHARIF,9999,0,9999,9999,ASKED ABOUT CONTROL FOR BROWNSPOT,RECOMMENDED TO SPRAY MANCOZEB 3GM/LT,2009-02-25T10:48:46,2009,2
TELANGANA,RANGAREDDY,0   ,KHARIF,HORTICULTURE,0,1268,2,ASKED ABOUT THE CONTROL OF POWDERY MILDEW IN MANGO,RECOMMENDED TO SPRAY KARATHANE 1ML/LT,2009-02-25T12:42:50,2009,2
TELANGANA,NIZAMABAD,0   ,KHARIF,9999,0,9999,9999,ASKED ABOUT THE SOWING DICTANCE BETWEEN THE EUCALYPTUS PLANTS,INFORMED THAT IT IS 2M BETWEEN ROWS AND 1M BETWEEN THE PLANTS,2009-02-25T14:39:02,2009,2
TELANGANA,RANGAREDDY,0   ,KHARIF,9999,0,9999,9999,ASKED ABOUT CONTROL FOR SUCKING PESTS,RECOMMENDED TO SPRAY MONOCHROTOPOS 1.5ML/LITRE,2009-02-25T15:04:21,2009,2
TELANGANA,NIZAMABAD,0   ,KHARIF,9999,0,9999,9999,ASKED ABOUT THE CONTROL OF BPH IN PADDY,RECOMMENDED TO SPRAY ACEPHATE@1.5GRAMS/LITER,2009-02-25T16:56:40,2009,2
TELANGANA,RANGAREDDY,0   ,KHARIF,9999,0,9999,9999,ASKEDABOUT CONTROL FOR BLAST,RECOMMENDED TO SPRAY TRICYCLOZOLE 0.6GM/LT,2009-02-23T14:57:26,2009,2
TELANGANA,KARIMNAGAR,0   ,KHARIF,9999,0,9999,9999,ASKED ABOUT THE CONTROL OF BLAST IN PADDY,RECOMMENDED TO SPRAY TRYCYCLOZOLE@0.6GRAMS/LITER,2009-02-23T16:12:11,2009,2
TELANGANA,KARIMNAGAR,0   ,KHARIF,9999,0,9999,9999,ASKED ABOUT CONTROL FOR SHEATH BLIGHT,RECOMMENDED TO SPRAY HEXACONAZOLE 2ML/LT,2009-02-24T08:50:19,2009,2
TELANGANA,RANGAREDDY,0   ,KHARIF,9999,0,9999,9999,ASKED ABOUT THE CONTROL OF WHIP SMUT,RECOMMENDED TO SRPAY PROPICONOZOLE 1ML/LTR,2009-02-23T07:37:05,2009,2
TELANGANA,NALGONDA,0   ,KHARIF,9999,0,9999,9999,ASKED ABOUT THE CONTROL OF CANKAR IN MOSAMBI,RECOMMENDED TO SPRAY BLITOX+STREPTOCYCLIN,2009-02-19T06:22:47,2009,2
TELANGANA,MEDAK,0   ,KHARIF,HORTICULTURE,0,1280,29,ASKED ABOUT THE CONTROL OF THRIPS IN CHILLIES,RECOMMENDED TO SPRAY ACEPHATE@1.5GRAMS/LITER,2009-02-19T11:52:04,2009,2
TELANGANA,MEDAK,0   ,KHARIF,9999,0,9999,9999,ASKED ABOUT CONTROL FOR WILTING,RECOMMENDED TO SPRAY BLITOX 3GR/LITRE,2009-02-19T13:33:14,2009,2
TELANGANA,NIZAMABAD,0   ,KHARIF,9999,0,9999,9999,ASKED ABOUT THE CONTROL OF THRIPS,RECOMMENDED TO SPRAY ACEPHATE 1.5 GM/LTR,2009-02-19T16:21:52,2009,2
TELANGANA,NIZAMABAD,0   ,KHARIF,9999,0,9999,9999,ASKED ABOUT THE CONTROL OF THRIPS IN CHILLY,RECOMMENDED TO SPRAY PHASOLONE 3ML/LT,2009-02-19T17:02:01,2009,2
TELANGANA,WARANGAL,0   ,KHARIF,9999,0,9999,9999,ASKED ABOUT THE CONTROL OF RED MITE,RECOMMENDED FOR THE APPLICATION OF WETTABLE SULPHUR 3GM/LTR,2009-02-19T18:37:29,2009,2
TELANGANA,KHAMMAM,0   ,KHARIF,9999,0,9999,9999,ASKED ABOUT CONTROL FOR WEED,RECOMMENDED TO APPLY BENTHIOCARB 2LT/ACRE,2009-02-21T18:20:47,2009,2
TELANGANA,MEDAK,0   ,KHARIF,HORTICULTURE,0,1268,2,ASKED ABOUT THE CONTROL OF POWDERY MILDEW IN MANGO,RECOMMENDED TO SPRAY KARATHANE 1ML/LT,2009-02-26T12:46:17,2009,2
TELANGANA,MEDAK,0   ,KHARIF,9999,0,9999,9999,ASKED ABOUT CONTROL FOR APHID,RECOMMENDED TO SPRAY DIMETHOATE 2ML/LT,2009-02-26T13:22:53,2009,2
TELANGANA,MEDAK,0   ,KHARIF,AGRICULTURE,0,1137,3,ASKED ABOUT THE CONTROL OF LEAF FOLDER IN RICE,RECOMMENDED TO SPRAY ACEPHATE 1.5GM/LT,2009-02-27T17:46:16,2009,2
TELANGANA,KARIMNAGAR,0   ,KHARIF,HORTICULTURE,0,1268,2,ASKED ABOUT THE CONTROL OF POWDERY MILDEW IN MANGO,RECOMMENDED TO SPRAY KARATHANE 1ML/LT,2009-02-27T18:17:44,2009,2
TELANGANA,MEDAK,0   ,KHARIF,9999,0,9999,9999,ASKED ABOUT THE CONTROL OF BPH,RECOMMENDED TO SPRAY ACEPHATE 1.5 GM/LTR,2009-02-27T19:58:04,2009,2
TELANGANA,KARIMNAGAR,0   ,KHARIF,AGRICULTURE,0,1137,2,ASKED ABOUT THE CONTROL OF RICE BLAST,RECOMMENDED TO SPRAY TRICYCLOZOLE 0.6 GM/LTR,2009-02-28T07:51:52,2009,2
TELANGANA,HYDERABAD,0   ,KHARIF,9999,0,9999,9999,ASKED ABOUT FERTILIZER APPLICATION FOR 3RD YEAR PLANTS,"RECOMMENDED TO APPLY 750GR UREA, 1500GR SSP, 1800GR MOP",2009-02-16T10:29:13,2009,2
TELANGANA,MAHABOOBNAGAR,0   ,KHARIF,AGRICULTURE,0,1037,3,ASKED ABOUT THE CONTROL OF POD BORER IN BLACK GRAM,RECOMMENDED TO SPRAY CHLOROPYRIPHOS@2ML/LITER,2009-02-16T13:02:27,2009,2
TELANGANA,NIZAMABAD,0   ,KHARIF,HORTICULTURE,0,1268,29,ASKED ABOUT THE CONTROL OF LEAF WEBBER IN MANGO,RECOMMENDED TO SPRAY QUINOLPHOS 2ML/LT,2009-02-14T17:15:15,2009,2
TELANGANA,KHAMMAM,0   ,KHARIF,9999,0,9999,9999,ASKED ABOUT THE CONTROL OF TIKKA LEAF SPOT IN GROUND NUT,RECOMMENDED TO SPRAY CHLOROTHALONIL 2ML/LT,2009-02-11T18:51:40,2009,2
TELANGANA,KARIMNAGAR,0   ,KHARIF,9999,0,9999,9999,ASKED ABOUT THE CONTROL OF BPH,RECOMMENDED TO SRPAY ACEPHATE 1.5 GM/LTR,2009-02-23T11:07:25,2009,2
TELANGANA,ADILABAD,0   ,KHARIF,9999,0,9999,9999,ASKED ABOUT CONTROL FOR HELICOVERPA,RECOMMENDED TO SPRAY ENDOSULPHAN 2ML/LT,2009-02-23T14:29:46,2009,2
TELANGANA,WARANGAL,0   ,KHARIF,9999,0,9999,9999,ASKED ABOUT THE CONTROL OF BLAST IN PADDY,RECOMMENDED TO SPRAY TRYCYCLOZOLE@0.6GRAMS/LITER,2009-02-28T19:29:17,2009,2
TELANGANA,MEDAK,0   ,KHARIF,9999,0,9999,9999,ASKED ABOUT CONTROL FOR FRUIT BORER,RECOMMENDED TO SPRAY ENDOSULFAN 2ML/LT,2009-02-02T11:36:30,2009,2
TELANGANA,KARIMNAGAR,0   ,KHARIF,9999,0,9999,9999,ASKED ABOUT THE CONTROL OF STEM BORER DAMAGE,RECOMMENDED FOR THE APPLICATION OF CARTAP HYDROHCLORIDE 2 GM/LTR,2009-02-20T18:03:11,2009,2
TELANGANA,NALGONDA,0   ,KHARIF,9999,0,9999,9999,ASKED ABOUT FERTILIZER APPLICATION,"RECOMMENDED TO APPLY N 100GM, K 50GM",2009-02-20T18:26:52,2009,2
TELANGANA,KARIMNAGAR,0   ,KHARIF,9999,0,9999,9999,ASKED ABOUT CONTROL FOR BLASTRECOMME,RECOMMENDED TO SPRAY TRICYCLOZOLE 0.6GM/LT,2009-02-20T19:22:20,2009,2
TELANGANA,NIZAMABAD,0   ,KHARIF,9999,0,9999,9999,ASKED ABOUT THE CONTROL OF PADDY BLAST,RECOMMENDED TO SPRAY TRYCYCLOZOLE@.6GRAMS/LIT,2009-02-03T11:21:11,2009,2
TELANGANA,MEDAK,0   ,KHARIF,AGRICULTURE,0,Sunflower (suryamukhi),6,ASKED ABOUT MARKET INFORMATION FOR SUNFLOWER,GIVEN INFORMATION IS Rs.1950-2150 PER QUIN,2009-02-04T15:51:16,2009,2
TELANGANA,KARIMNAGAR,0   ,KHARIF,AGRICULTURE,0,1075,3,ASKED ABOUT THE CONTROL OF SPOTTED STEM BORER IN MAIZE,RECOMMENDED TO SPRAY ENDOSULFON 2ML/LT,2009-02-04T16:01:32,2009,2
TELANGANA,MEDAK,0   ,KHARIF,9999,0,9999,9999,ASKED ABOUT THE VARIETIES IN KORRA,RECOMMENDED KRISHNADEVARAYA VARIETY,2009-02-04T16:27:09,2009,2
TELANGANA,NIZAMABAD,0   ,KHARIF,9999,0,9999,9999,ASKED ABOUT THE CONTROL OF BLAST IN PADDY,RECOMMENDED TO SPRAY TRYCYCLOZE@0.6GRAMS/LIT,2009-02-02T16:13:23,2009,2
TELANGANA,WARANGAL,0   ,KHARIF,HORTICULTURE,0,1268,29,ASKED ABOUT THE CONTROL OF LEAF WEBBER IN MANGO,RECOMMENDED TO SPRAY QUINOLPHOS 2ML/LT,2009-02-02T17:26:47,2009,2
TELANGANA,ADILABAD,0   ,KHARIF,9999,0,9999,9999,ASLED FOR THE SOWING SEASON,RECOMMENDED TO APPLY IN FEBRUARY,2009-02-03T15:01:49,2009,2
TELANGANA,MAHABOOBNAGAR,0   ,KHARIF,9999,0,9999,9999,ASKED ABOUT THE CONTROL OF STEM BORER,RECOMMENDED TO SPRAY CARTAP HYDROCHLORIDE 2GM/LTR,2009-02-05T07:28:12,2009,2
TELANGANA,ADILABAD,0   ,KHARIF,9999,0,9999,9999,ASKED ABOUT CONTROL FOR ZnDEFICIENCY,RECOMMENDED TO SPRAY ZnSULPHATE 2GM/LT,2009-02-06T15:11:08,2009,2
TELANGANA,RANGAREDDY,0   ,KHARIF,9999,0,9999,9999,ASKEDE ABOUT CONTROL FOR ZnDEFICIENCY,RECOMMENDED TO SPRAY ZnSULPHATE 2GM/LT,2009-02-05T15:28:06,2009,2
TELANGANA,MEDAK,0   ,KHARIF,9999,0,9999,9999,ASKED ABOUT CONTROL FOR HELICOVERPA DAMAGE,RECOMMENDED TO SPRAY ENDOSULFON 2ML/LITRE,2009-02-05T15:55:45,2009,2
TELANGANA,MEDAK,0   ,KHARIF,AGRICULTURE,0,Peas (field peas/ garden peas/matar),3,ASKED ABOUT THE CONTROL OF HELICOVERPA IN CHICK PEA,RECOMMENDED TO SPRAY QUINOLPHOS 2ML/LT,2009-02-05T17:48:02,2009,2
TELANGANA,KHAMMAM,0   ,KHARIF,HORTICULTURE,0,1280,29,ASKED ABOUT THE CONTROL OF THRIPS IN CHILLIES,RECOMMENDED TO SPRAY ACEPHATE@1.5GRAMS/LITRE,2009-02-05T20:37:59,2009,2
TELANGANA,KHAMMAM,0   ,KHARIF,9999,0,9999,9999,ASKED ABOUT THE CONTROL OF MITES,RECOMMENDED TO SP[RAY DICOPHAL 1LTR/ACRE,2009-02-07T08:13:16,2009,2
TELANGANA,NALGONDA,0   ,KHARIF,9999,0,9999,9999,ASKED ABOUT THE WEEDICIDE,"RECOMMENDED TO SPRAY 2,4-D 400GM/200LTR",2009-02-07T11:56:42,2009,2
TELANGANA,RANGAREDDY,0   ,KHARIF,9999,0,9999,9999,ASKED ABOUT THE CONTROL OF GANODERMA ROOT ROT,RECOMMENDED TO APPLY 20 GMTRICHODERMA VIRIDEA AND60GM BLITOX PER 20 LTR WATER,2009-02-07T12:59:18,2009,2
TELANGANA,NIZAMABAD,0   ,KHARIF,AGRICULTURE,0,1137,Fertilizer Use and Availability,ASKED ABOUT THE CINTROL OF SHEATH BLIGHT IN RICE,RECOMMENDED TO SPRAY PROPICONAZOLE 2ML/LT,2009-02-13T12:01:59,2009,2
TELANGANA,MAHABOOBNAGAR,0   ,KHARIF,9999,0,9999,9999,ASKED ABOUT CONTROL FOR FLOWER DROP,RECOMMENDED TO SPRAY PLANOPHIX 2.5ML/10 LITRES,2009-02-13T13:12:01,2009,2
TELANGANA,NIZAMABAD,0   ,KHARIF,9999,0,9999,9999,ASKED ABOUT THE CONTROL OF SHEATH BLIGHT IN PADDY.,RECOMMENDED TO SPRAY HEXACONAZOLE@2ML/LITER,2009-02-13T18:18:47,2009,2
TELANGANA,ADILABAD,0   ,KHARIF,9999,0,9999,9999,ASKED ABOUT CONTROL FOR GALL MIDGE DAMAGE,RECOMMENDED TO APPLY CARBOFURON GRANULES 10KGS/ACRE,2009-02-17T16:00:59,2009,2
TELANGANA,NIZAMABAD,0   ,KHARIF,AGRICULTURE,0,1137,3,ASKED ABOUT THE CONTROL OF GALL MIDGE IN RICE,RECOMMENDED TO SPRAY PHORATE 10G GRANULES 5 KG/ACRE,2009-02-09T21:59:05,2009,2
TELANGANA,KARIMNAGAR,0   ,KHARIF,HORTICULTURE,0,1268,29,ASKED ABOUT THE CONTROL OF MANGO HOPPERS,RECOMMENDED TO SPRAY PHOPHOMIDON 0.5ML/LT,2009-02-04T18:08:32,2009,2
TELANGANA,KARIMNAGAR,0   ,KHARIF,AGRICULTURE,0,Oil palm,1,ASKED ABOUT THE SOWING SEASON IN SESAMUM,RECOMMENDED SOWING SEASON IS JAN 2ND WEEK TO FEB 1ST WEEK,2009-02-04T19:08:42,2009,2
TELANGANA,NIZAMABAD,0   ,KHARIF,9999,0,9999,9999,ASKED ABOUT THE CONTROL OF RUST IN GROUND NUT,RECOMMENDED TO SPRAY CHLOROTHALANIL 2ML/LT,2009-02-10T17:28:13,2009,2
TELANGANA,MAHABOOBNAGAR,0   ,KHARIF,9999,0,9999,9999,ASKED ABOUT THE SOWING SEASON,RECOMMENDED THAT THE TIME TO SOW IS IN FEBRUARY,2009-02-12T15:29:37,2009,2
TELANGANA,HYDERABAD,0   ,KHARIF,9999,0,9999,9999,ASKED ABOUT THE CONTROL OF FLOWER DROP,RECOMMENDED TO SPRAY PLANOPHIX 1ML/LTR,2009-02-12T18:53:52,2009,2
TELANGANA,MEDAK,0   ,KHARIF,9999,0,9999,9999,ASKED WHETHER TO REMAIN THE FLOWERING FOR A THREE YEARS OLD PLANT,RECOMMENDED TO REMOVE THE FLOWERING TILL THE FOURTH YEAR,2009-02-13T08:06:50,2009,2
TELANGANA,NALGONDA,0   ,KHARIF,9999,0,9999,9999,ASKED ABOUT Zn DEFICIENCY,RECOMMENDED TO SPRAY ZNSULPHATE 2GM/LT,2009-02-14T07:50:03,2009,2
TELANGANA,ADILABAD,0   ,KHARIF,9999,0,9999,9999,ASKED ABOUT MARKET INFORMATION,GIVEN INFORMATION IS 1800-2000,2009-02-14T10:34:20,2009,2
TELANGANA,MEDAK,0   ,KHARIF,9999,0,9999,9999,ASKED ABOUT CONTROL FOR Zn DEFICIENCY,RECOMMENDED TO SPRAY ZnSO4 2GR/LITRE,2009-02-14T11:31:04,2009,2
TELANGANA,KARIMNAGAR,0   ,KHARIF,9999,0,9999,9999,ASKED ABOUT CONTROL FOR STEM BORER DAMAGE,RECOMMENDED TO SPRAY CARTOP HYDROCHLORIDE 2GR/LITRE,2009-02-20T09:56:03,2009,2
TELANGANA,KARIMNAGAR,0   ,KHARIF,9999,0,9999,9999,ASKED FOR THE CONTROL OF ZINC DEFECIENCY,RECOMMENDED TO SPRAY ZINCSULPHATE 2GM/LTR,2009-02-20T10:12:04,2009,2
TELANGANA,KARIMNAGAR,0   ,KHARIF,9999,0,9999,9999,ASKED ABOUT THE CONTROL OF BLAST IN PADDY,RECOMMENDED TO SPRAY TRYCYCLOZOLE@0.6GRAMS/LITER,2009-02-20T11:35:38,2009,2
TELANGANA,KARIMNAGAR,0   ,KHARIF,AGRICULTURE,0,1137,3,ASKED ABOUT CONTROL FOR RICE BLAST,RECOMMENDED TO SPRAY TRICYCLOZOLE 0.6GR/LITRE,2009-02-20T12:12:18,2009,2
TELANGANA,KHAMMAM,0   ,KHARIF,AGRICULTURE,0,Tobacco,3,ASKED ABOUT CONTROL FOR TOBACCO CATERPILLER,RECOMMENDED TO SPRAY QUINOLPHOS 2ML/LITER,2009-02-18T12:54:15,2009,2
TELANGANA,RANGAREDDY,0   ,KHARIF,9999,0,9999,9999,ASKED ABOUT CONTROL WILT,RECOMMENDED TO SPRAY TRICODERMAVIRIDI 2KG,2009-02-18T14:13:59,2009,2
TELANGANA,NALGONDA,0   ,KHARIF,9999,0,9999,9999,ASKED ABOUT THE CONTROL OF BLAST IN PADDY,RECOMMENDED TO SPRAY TRYCYCLOZOLE@0.6GRAMS/LITER,2009-02-18T19:25:20,2009,2
TELANGANA,ADILABAD,0   ,KHARIF,HORTICULTURE,0,1280,29,ASKED ABOUT CONTROL FOR CHILLI THRIPS,RECOMMENDED TO SPRAY ACEPHATE 1.5GR/LITRE,2009-02-20T15:00:36,2009,2
TELANGANA,KARIMNAGAR,0   ,KHARIF,9999,0,9999,9999,ASKED ABOUT THE CONTROL OF SHEATH BLIGHT,RECOMMENDED TO SPRAY HEXACONOZOLE 2 ML/LTR,2009-02-20T17:25:47,2009,2
TELANGANA,KARIMNAGAR,0   ,KHARIF,9999,0,9999,9999,ASKED ABOUT THE CONTROL OF BPH,RECOMMENDED TO SPRAY ACEPHATE 1.5 GM/LTR,2009-02-21T08:51:16,2009,2
TELANGANA,KARIMNAGAR,0   ,KHARIF,9999,0,9999,9999,ASKED ABOUT CONTROL FOR GREENLEAF HOPPER,RECOMMENDED TO SPRAY MONOCHROTOPHOS 1.5ML/LT,2009-02-21T09:59:13,2009,2
TELANGANA,KARIMNAGAR,0   ,KHARIF,9999,0,9999,9999,ASKED ABOUT THE CONTROL OF BLAST IN PADDY,RECOMMENDED TO SPRAY TRYCYCLOZOLE@0.6GRAMS/LITER,2009-02-24T12:29:00,2009,2
TELANGANA,RANGAREDDY,0   ,KHARIF,9999,0,9999,9999,ASKED ABOUT CONTROL FOR HERBICIDE,RECOMMENDED TO SPRAY PENDIMETHALIN 1.5KG/LT,2009-02-24T12:35:04,2009,2
TELANGANA,NIZAMABAD,0   ,KHARIF,9999,0,9999,9999,ASKED ABOUT THE CONTROL OF BLAST IN PADDY,RECOMMENDED TO SPRAY TRYCYCLOZOLE@0.6GRAMS/LITER,2009-02-24T13:12:47,2009,2
TELANGANA,WARANGAL,0   ,KHARIF,9999,0,9999,9999,ASKED ABOUT CONTROL FOR SHEATH BLIGHT,RECOMMENDED TO SPRAY PROPICONAZOLE 1ML/LITRE,2009-02-24T19:02:58,2009,2
TELANGANA,RANGAREDDY,0   ,KHARIF,9999,0,9999,9999,ASKED ABOUT THE CONTROL OF BPH,RECOMMENDED TO SPRAY ACEPHATE 1.5 GM/LTR,2009-02-28T13:20:07,2009,2
TELANGANA,MAHABOOBNAGAR,0   ,KHARIF,9999,0,9999,9999,ASKED ABOUT THE CONTROL OF FLOWER DROP,RECOMMENDED TO SPRAY PLANOPHIX 1 ML/5LTR,2009-02-28T13:32:16,2009,2
TELANGANA,NALGONDA,0   ,KHARIF,9999,0,9999,9999,ASKED ABOUT THE CONTROL OF THRIPS,RECOMMENDED TO SPRAY MONOCROTOPHAS 1.5 ML/LTR,2009-02-28T14:08:45,2009,2
TELANGANA,NIZAMABAD,0   ,KHARIF,9999,0,9999,9999,ASKED ABOUT THE CONTROL OF BLAST IN PADDY,RECOMMENDED TO SPRAY TRYCYCLOZOLE@0.6GRAMS/LITER,2009-02-28T20:58:29,2009,2
TELANGANA,WARANGAL,0   ,KHARIF,9999,0,9999,9999,ASKED INFORMATION ABOUT THE VERMICOMPOST,INFORMED ASPER THE INFORMATION PROVIDED ON VERMICOMPOST,2009-02-07T10:23:12,2009,2
TELANGANA,KARIMNAGAR,0   ,KHARIF,9999,0,9999,9999,ASKED ABOUT CONTROL FOR GALL MIDGE DAMAGE,RECOMMENDED TO APPLY CARBOFURON GRANULES 10KGS/ACRE,2009-02-07T12:21:56,2009,2
TELANGANA,NALGONDA,0   ,KHARIF,AGRICULTURE,0,1137,2,ASKED ABOUT THE CONTROL OF BLAST IN RICE,RECOMMENDED TO SPRAY TRICYCLOZOLE 0.06GM/LT,2009-02-02T15:18:43,2009,2
TELANGANA,ADILABAD,0   ,KHARIF,HORTICULTURE,0,Tomato,29,ASKED ABOUT THE VARIETIES IN TOMATO,RECOMMENDED MARUTHAM VARIETY,2009-02-02T19:18:57,2009,2
TELANGANA,KHAMMAM,0   ,KHARIF,HORTICULTURE,0,1268,29,ASKED ABOUT THE CONTROL OF THRIPS IN MANGO,RECOMMENDED TO SPRAY IMIDACHLOPRID 0.3ML/LT,2009-02-03T09:37:17,2009,2
TELANGANA,RANGAREDDY,0   ,KHARIF,HORTICULTURE,0,1279,29,ASKED ABOUT THE VARIETIES IN BRINJAL,RECOMMENDED SHYAMALA VARIETY,2009-02-04T15:23:05,2009,2
TELANGANA,MAHABOOBNAGAR,0   ,KHARIF,9999,0,9999,9999,ASKED ABOUT CONTROL FOR EXCESS FLOWERING,RECOMMENDED TO APPLY 100GM UREA/TREE,2009-02-04T17:30:57,2009,2
TELANGANA,WARANGAL,0   ,KHARIF,9999,0,9999,9999,ASKED ABOUT THE CHANCE OF RAIN IN WARANGAL,THERE IS NO CHANCE OF RAIN,2009-02-04T20:02:02,2009,2
TELANGANA,NIZAMABAD,0   ,KHARIF,AGRICULTURE,0,1075,3,ASKED ABOUT THE CONTROL OF STEM BORER IN MAIZE,RECOMMENDED TO SPRAY ENDOSULPHAN@2ML/LIT,2009-02-04T21:08:57,2009,2
TELANGANA,MAHABOOBNAGAR,0   ,KHARIF,9999,0,9999,9999,ASKED ABOUT CONTROL FOR THRIPS,RECOMCOMMENDED TO SPRAY DIMETHOATE 2ML/LT,2009-02-05T12:31:21,2009,2
TELANGANA,KHAMMAM,0   ,KHARIF,9999,0,9999,9999,ASKED ABOUT THE CONTROL OF STEM BORER DAMAGE,RECOMMENDED TO SPRAY CARTAP HYDRO CHLORIDE 2 GM/LTR,2009-02-27T20:31:42,2009,2
TELANGANA,MAHABOOBNAGAR,0   ,KHARIF,AGRICULTURE,0,1037,3,ASKED ABOUT THE CONTROL OF POD BORER IN RED GRAM,RECOMMENDED TO SPRAY ENDOSULPHAN@2ML/LITRE,2009-02-05T15:25:36,2009,2
TELANGANA,MEDAK,0   ,KHARIF,9999,0,9999,9999,ASKED ABOUT CONTROL FOR DAMPINGOFF,RECOMMENDED TO SPRAY BLITOX 3GM/LT,2009-02-05T16:39:31,2009,2
TELANGANA,NIZAMABAD,0   ,KHARIF,AGRICULTURE,0,1137,3,ASKED ABOUT THE CONTROL OF LEAF FOLDER IN RICE,RECOMMENDED TO SPRAY ACEPHATE 1.5GM/LT,2009-02-05T17:58:50,2009,2
TELANGANA,WARANGAL,0   ,KHARIF,9999,0,9999,9999,ASKED ABOUT THE CONTROL OF MITES IN CHILLY,RECOMMENDED TO SPRAY DICOFOL 5ML/LT,2009-02-05T20:12:36,2009,2
TELANGANA,MEDAK,0   ,KHARIF,9999,0,9999,9999,ASKED ABOUT THE CONTROL OF FLOWER DROP,RECOMMENDED TOP SPRAY PLANOPHIX 1ML/5LTR,2009-02-02T08:18:37,2009,2
TELANGANA,NIZAMABAD,0   ,KHARIF,9999,0,9999,9999,ASKED ABOUT CONTROL FOR BPH,RECOMMENDED TO SPRAY ACEPHATE 1.5GR/LITRE,2009-02-03T11:42:55,2009,2
TELANGANA,KHAMMAM,0   ,KHARIF,9999,0,9999,9999,ASKED ABOUT CONTROL FOR SUCKING PEST DAMAGE,RECOMMENDED TO SPRAY ROGOR 2ML/LITRE,2009-02-03T12:10:26,2009,2
TELANGANA,MEDAK,0   ,KHARIF,HORTICULTURE,0,1324,2,ASKED ABOUT THE CONTROL VIRUS IN PAPAYA,RECOMMENDED TO SPRAY ACEPHATE@1.5GRAMS/LIT,2009-02-03T12:32:23,2009,2
TELANGANA,ADILABAD,0   ,KHARIF,9999,0,9999,9999,ASKED ABOUT THE CONTROL OF BLAST IN PADDY,RECOMMENDED TO SPRAY TRYCYCLOZOLE@0.6GRAMS/LITER,2009-02-07T17:35:16,2009,2
TELANGANA,RANGAREDDY,0   ,KHARIF,9999,0,9999,9999,ASKED ABOUT CONTROL FOR WEED,RECOMMENDED TO SPRAY ATRAZINE 2LT/ACRE,2009-02-07T18:19:22,2009,2
TELANGANA,MEDAK,0   ,KHARIF,9999,0,9999,9999,ASKED ABOUT CONTROL FOR POWDERYMILDEW,RECOMMENDED TO SPRAY SULPHUR 2GM/LT,2009-02-27T12:31:25,2009,2
TELANGANA,KARIMNAGAR,0   ,KHARIF,9999,0,9999,9999,ASKED ABOUT THE CONTROL OF SHEATH BLIGHT,RECOMMENDED FOR THE APPLICATION OF HEXACONOZOLE 2ML/LTR,2009-02-23T09:45:35,2009,2
TELANGANA,MEDAK,0   ,KHARIF,HORTICULTURE,0,Carrot,1,ASKED ABOUT THE SOWING SEASON OF CARROT,RECOMMENDED TO SOW ON AUGUST TO NOVEMBER MONTHS,2009-02-23T14:35:05,2009,2
TELANGANA,KARIMNAGAR,0   ,KHARIF,9999,0,9999,9999,ASKED ABOUT THE CONTROL OF SHEATH BLIGHT IN PADDY,RECOMMENDED TO SPRAY HEXACONAZOLE@2ML/LITER,2009-02-23T17:57:10,2009,2
TELANGANA,WARANGAL,0   ,KHARIF,9999,0,9999,9999,ASKED ABOUT THE CONTROL OF SHEATH BLIGHT IN PADDY,RECOMMENDED TO SPRAY HEXACONAZOLE@2ML/LITER,2009-02-23T19:11:54,2009,2
TELANGANA,NALGONDA,0   ,KHARIF,9999,0,9999,9999,ASKED ABOUTCONTROL FOR FRUIT BORER,RECOMMENDED TO SPRAY CARBARIL 3GM/LT,2009-02-21T16:18:37,2009,2
TELANGANA,RANGAREDDY,0   ,KHARIF,9999,0,9999,9999,ASKED ABOUT CONTROL FOR BPH,RECOMMENDED TO SPRAY ACEPHATE 1.5GM/LT,2009-02-21T17:17:57,2009,2
TELANGANA,WARANGAL,0   ,KHARIF,9999,0,9999,9999,ASKED ABOUT THE CONTROL OF REDDENING OF THE LEAVES,RECOMMENDED TO SPRAY ZNSO4 2GM/LT,2009-02-24T11:39:31,2009,2
TELANGANA,KARIMNAGAR,0   ,KHARIF,9999,0,9999,9999,ASKED ABOUT THE CONTROL OF YELLOW STEM BORER,RECOMMENDED TO CARTAP HYDRO CHLORIDE@2.5GRAMS/LITER,2009-02-24T12:53:54,2009,2
TELANGANA,ADILABAD,0   ,KHARIF,AGRICULTURE,0,1137,3,ASKED ABOUT THE CONTROL OF HISPA IN RICE,RECOMMENDED TO SPRAY MONOCROTOPHOS 1.6ML/LT,2009-02-24T14:04:57,2009,2
TELANGANA,NALGONDA,0   ,KHARIF,HORTICULTURE,0,1268,29,ASKED ABOUT THE CONTROL OF MANGO HOPPERS IN MANGO,RECOMMENDED TO SPRAY ENDOSULPHAN@2ML/LITER,2009-02-24T16:38:05,2009,2
TELANGANA,NIZAMABAD,0   ,KHARIF,9999,0,9999,9999,ASKED ABOUT THE CONTROL OF WEEDS IN GROUND NUT,RECOMMENDED TO SPRAY PENDIMETHALINE 1.3LT/ACRE,2009-02-24T17:21:42,2009,2
TELANGANA,KARIMNAGAR,0   ,KHARIF,9999,0,9999,9999,ASKED ABOUT VARIETIES,RECOMMENDED TO CHOOSE LOM 305 OR 334,2009-02-24T17:44:56,2009,2
TELANGANA,HYDERABAD,0   ,KHARIF,AGRICULTURE,0,Tobacco,3,ASKED ABOUT THE CONTROL OF TOBACCO CATERPILLAR,RECOMMENDED FOR THE APPLICATION OF QUINOLPHAS 2ML/LTR,2009-02-22T15:50:31,2009,2
TELANGANA,WARANGAL,0   ,KHARIF,HORTICULTURE,0,1268,29,ASKED ABOUT THE CONTROL OF LEAF WEBBER IN MANGO,RECOMMENDED TO SPRAY QUINOLPHOS 2ML/LT,2009-02-25T12:08:58,2009,2
TELANGANA,KHAMMAM,0   ,KHARIF,9999,0,9999,9999,ASKED ABOUT CONTROL FOR POWDERY MILDEW,RECOMMENDED TO SPRAY SULPHUR 2GM/LT,2009-02-25T13:47:18,2009,2
TELANGANA,KHAMMAM,0   ,KHARIF,9999,0,9999,9999,ASKED ABOUT THE CONTROL OF THRIPS IN CHILLY,RECOMMENDED TO SPRAY PHASOLONE 3ML/LT,2009-02-25T16:29:50,2009,2
TELANGANA,WARANGAL,0   ,KHARIF,9999,0,9999,9999,ASKED ABOUT THE CONTROL OF STEMBORER,RECOMMENDED TO SPRAY CARTAPHYDROCHLORIDE 2GM/LTR,2009-02-25T17:53:46,2009,2
TELANGANA,RANGAREDDY,0   ,KHARIF,AGRICULTURE,0,1075,21,ASKED ABOUT THE CONTROL OFWEEDS IN MAIZE,RECOMMENDED TO SPRAY ATRAZINE 1.5LT/ACRE,2009-02-26T10:15:16,2009,2
TELANGANA,WARANGAL,0   ,KHARIF,9999,0,9999,9999,ASKED ABOUT CONTROL FOR FLOWER DROP,RECOMMENDED TO SPRAY PLANOPHIX 1ML/4.5LITRES,2009-02-26T12:07:56,2009,2
TELANGANA,RANGAREDDY,0   ,KHARIF,HORTICULTURE,0,1268,29,ASKED ABOUT THE CONTROL OF MANGO HOPPER,RECOMMENDED TO SPRAY CHLOROPYROPHOS@2.5ML/LITER,2009-02-26T15:09:13,2009,2
TELANGANA,WARANGAL,0   ,KHARIF,AGRICULTURE,0,1137,2,ASKED ABOUT THE CONTROL OF RICE BLAST,RECOMMENDED TO SPRAY TRICYCLOZOLE 0.6 GM/LTR,2009-02-26T17:34:52,2009,2
TELANGANA,HYDERABAD,0   ,KHARIF,9999,0,9999,9999,ASKED ABOUT THE CONTROL OF FLOWER DROP,RECOMMENDED TO SPRAY PLANOPHIX 1ML/5LTR,2009-02-26T18:50:13,2009,2
TELANGANA,MEDAK,0   ,KHARIF,9999,0,9999,9999,ASKED ABOUT THE VARITIES,"RECOMMENDED VARIETIES ARE HYBRID-T,FLORIBANDA,MINIATURES",2009-02-21T07:23:34,2009,2
TELANGANA,ADILABAD,0   ,KHARIF,9999,0,9999,9999,ASKED ABOUT CONTROL FOR DAMPINGOFF,RECOMMENDED TO SPRAY BLITOX 3GM/LT,2009-02-20T15:04:24,2009,2
TELANGANA,NIZAMABAD,0   ,KHARIF,9999,0,9999,9999,ASKED ABOUT CONTROL FOR ROTTENING OF ROOT,RECOMMENDED TO SPRAY MANCOZEB 3GR/LITRE,2009-02-20T15:29:15,2009,2
TELANGANA,RANGAREDDY,0   ,KHARIF,9999,0,9999,9999,ASKED ABOUT CONTROL FOR FLOWER DROPPING,RECOMMENDED TO SPRAY PLANOPHIX 1ML/4.5LT,2009-02-14T09:02:39,2009,2
TELANGANA,WARANGAL,0   ,KHARIF,9999,0,9999,9999,ASKED ABOUT CONTROL FOR THRIPS,RECOMMENDED TO SPRAY IMIDACHLOPRID 0.3ML/LT,2009-02-14T11:04:13,2009,2
TELANGANA,ADILABAD,0   ,KHARIF,HORTICULTURE,0,Banana,5,ASKED ABOUT VARIETIES FOR BANANA,RECOMMENDED TO PREFER CHEKKERAKELI OR RABUSTA OR AMRUTHAPANI,2009-02-14T15:59:42,2009,2
TELANGANA,NIZAMABAD,0   ,KHARIF,9999,0,9999,9999,ASKED ABOUT THE CONTROL OF STEM BORER,RECOMMENDED TO SPRAY CARTAPHYDROCHLORIDE 2GM/LTR,2009-02-10T10:34:22,2009,2
TELANGANA,NIZAMABAD,0   ,KHARIF,AGRICULTURE,0,1137,3,ASKED ABOUT THE CONTROL OF LEAF FOLDER IN RICE,RECOMMENDED TO SPRAY ACEPHATE 1.5GM/LT,2009-02-10T10:51:33,2009,2
TELANGANA,NIZAMABAD,0   ,KHARIF,9999,0,9999,9999,ASKED ABOUT CONTROL FOR AZOLLA APPLICATION,RECOMMENDED TO APPLY 50KGS SSP ALONG WITH 100-150 KGS AZOLLA,2009-02-10T14:14:51,2009,2
TELANGANA,MEDAK,0   ,KHARIF,9999,0,9999,9999,ASKED ABOUT FERTILIZER APPLICATION,"RECOMMENDED TO APPLY 45KGS N, 40KGS P,48KGS K",2009-02-09T12:41:03,2009,2
TELANGANA,KARIMNAGAR,0   ,KHARIF,9999,0,9999,9999,ASKED ABOUT CONTROL FOR POWERYMILDEW,RECOMMENDED TO SPRAY CARATHANE 1ML/LT,2009-02-12T07:16:16,2009,2
TELANGANA,MEDAK,0   ,KHARIF,9999,0,9999,9999,ASKED ABOUT EXTRACTION FOR CURRYLEAF,ESC TO ATIC,2009-02-12T12:39:50,2009,2
TELANGANA,KARIMNAGAR,0   ,KHARIF,9999,0,9999,9999,ASKED ABOUT CONTROL FOR ZnDEFICIENCY,RECOMMENDED TO SPRAY ZnSULPHATE 2GM/LT,2009-02-10T19:52:57,2009,2
TELANGANA,WARANGAL,0   ,KHARIF,HORTICULTURE,0,1268,29,ASKED ABOUT THE CONTROL OF HOPPERS IN MANGO,RECOMMENDED TO SPRAY PHOSPHOMIDON 2ML/LT,2009-02-12T17:37:53,2009,2
TELANGANA,MAHABOOBNAGAR,0   ,KHARIF,9999,0,9999,9999,ASKED ABOUT THE CONTROL OF STEM BORER,RECOMMENDED TO SPRAY CARTAP HYDROCHLORIDE 2GM/LTR,2009-02-12T17:44:19,2009,2
TELANGANA,NIZAMABAD,0   ,KHARIF,AGRICULTURE,0,1137,2,ASKED ABOUT THE CONTROL OF SHEATH BLIGHT IN RICE,RECOMMENDED TO SPRAY PROPICONAZOLE 2ML/LT,2009-02-12T18:42:49,2009,2
TELANGANA,ADILABAD,0   ,KHARIF,HORTICULTURE,0,Banana,5,ASKED ABOUT THE VARTIETIES OF BANANA,"RECOMMENDED VARIETIES ARE KARPURA CHEKKARAKELI,PACHA ARATI,ROBUSTA,AMRUTHA PANIO",2009-02-13T08:41:08,2009,2
TELANGANA,NIZAMABAD,0   ,KHARIF,9999,0,9999,9999,ASKED ABOUT THE CONTROL OF BIRD DAMAGE,RECOMMENDED TO TIE RIBBONS OVER THE CROP.,2009-02-13T09:08:45,2009,2
TELANGANA,RANGAREDDY,0   ,KHARIF,AGRICULTURE,0,1037,1,ASKED ABOUT THE SOWING SEASON IN GREEN GRAM,RECOMMENDED SOWING SEASON IS FEB-MARCH,2009-02-13T12:27:41,2009,2
TELANGANA,MEDAK,0   ,KHARIF,HORTICULTURE,0,1280,29,ASKED ABOUT THE CONTROL OF THRIPS IN CHILLIES,RECOMMENDED TO SPRAY ACEPHATE@1.6GR/LITER,2009-02-13T19:29:15,2009,2
TELANGANA,WARANGAL,0   ,KHARIF,AGRICULTURE,0,1075,3,ASKED ABOUT THE CONTROL OF STEM BORER IN MAIZE,RECOMMENDED TO APPLY CARBOFURAN GRANULES@3KGS/ACRE,2009-02-01T17:16:39,2009,2
TELANGANA,MEDAK,0   ,KHARIF,9999,0,9999,9999,ASKED ABOUT THE CONTROL OF BLAST IN PADDY,RECOMMENDED TO SPRAY TRYCYCLOZOLE@0.6GRAMS/LITER,2009-02-19T09:00:51,2009,2
TELANGANA,NIZAMABAD,0   ,KHARIF,AGRICULTURE,0,1137,2,ASKED ABOUT CONTROL FOR RICE BLAST,RECOMMENDED TO SPRAY BEAM 120GR/200 LITRES/ ACRE,2009-02-16T12:20:58,2009,2
TELANGANA,KARIMNAGAR,0   ,KHARIF,9999,0,9999,9999,ASKED ABOUT THE CONTROL OF ZINC DEFECIENCY,RECOMMENDED TO SPRAY ZINCSULPHATE 2GM/LTR,2009-02-20T06:36:50,2009,2
TELANGANA,KARIMNAGAR,0   ,KHARIF,9999,0,9999,9999,ASKED ABOUT THE CONTROL OF SHEATH BLIGHT,RECOMMENDED TO SPRAY HEXACONOZOLE 2ML/LTR,2009-02-20T07:56:33,2009,2
TELANGANA,KARIMNAGAR,0   ,KHARIF,AGRICULTURE,0,1137,2,ASKED ABOUT THE CONTROL OF RICE BLAST,RECOMMENDED TO SPRAY TRICYCLOZOLE 0.6 GM/LTR,2009-02-20T08:43:43,2009,2
TELANGANA,KARIMNAGAR,0   ,KHARIF,9999,0,9999,9999,ASKED FERTILIZER FOR GETTING LARGE SEEDS,RECOMMENDED FOR THE APPLICATION OF BORAX 2 GM/LTR DURING FLOWERING PERIOD,2009-02-20T09:27:44,2009,2
TELANGANA,KARIMNAGAR,0   ,KHARIF,9999,0,9999,9999,ASKED ABOUT THE CONTROL OF TERMITES,RECOMMENDED TO DUST WITH LINDANE POWDER,2009-02-20T10:41:19,2009,2
TELANGANA,KARIMNAGAR,0   ,KHARIF,9999,0,9999,9999,ASKED ABOUT CONTROL FOR STEM BORER DAMAGE,RECOMMENDED TO SPRAY CARTOP HYDROCHLORIDE 2GR/LITRE,2009-02-20T10:57:28,2009,2
TELANGANA,RANGAREDDY,0   ,KHARIF,HORTICULTURE,0,1268,29,ASKED ABOUT THE CONTROL OF MANGO HOPPER,RECOMMENDED TO SPRAY IMIDACLOPRID0.3ML+CARBENDAZIM 1GRAM/LITER,2009-02-20T10:59:48,2009,2
TELANGANA,WARANGAL,0   ,KHARIF,9999,0,9999,9999,ASKED ABOUT CONTROL FOR Zn DEFICIENCY,RECOMMENDED TO SPRAY ZnSO4 2GR/LITRE,2009-02-20T11:38:19,2009,2
TELANGANA,ADILABAD,0   ,KHARIF,9999,0,9999,9999,ASKED ABOUT VARIETIES,RECOMMENDED TO SPRAY CARTOP HYDROCHLORIDE 2GR/LITRE,2009-02-20T13:30:21,2009,2
TELANGANA,MAHABOOBNAGAR,0   ,KHARIF,9999,0,9999,9999,ASKED ABOUT THE CONTROL OF STEM BORER DAMAGE,RECOMMENDED TO SPRAY CARTAPHYDROCHLORIDE 2GM/LTR,2009-02-21T08:13:49,2009,2
TELANGANA,MEDAK,0   ,KHARIF,HORTICULTURE,0,Teak,29,ASKED ABOUT CONTROL FOR STEMBORER IN TEAK,RECOMMENDED TO APPLY MONOCHROTOPHOS 2.5ML/LT,2009-02-21T13:25:15,2009,2
TELANGANA,KARIMNAGAR,0   ,KHARIF,9999,0,9999,9999,ASKED ABOUT THE CONTROL STEM BORER DAMAGE,RECOMMENDED FOR THE APPLICATION OF CARTAP HYDROCHLORIDE 2 GM/LTR,2009-02-21T13:58:57,2009,2
TELANGANA,MEDAK,0   ,KHARIF,9999,0,9999,9999,ASKED ABOUT CONTROL FOR DAMPING OFF,RECOMMENDED TO SPRAY BLITOX 3GM/LT,2009-02-17T15:17:56,2009,2
TELANGANA,HYDERABAD,0   ,KHARIF,9999,0,9999,9999,ASKED ABOUT THE CONTROL OF FLOWER DROP,RECOMMENDED FOR THE APPLICATION OF PLANOPHIX 1ML/5LTR,2009-02-18T10:16:28,2009,2
TELANGANA,ADILABAD,0   ,KHARIF,9999,0,9999,9999,ASKED ABOUT CONTROL FOR BPH,RECOMMENDED TO SPRAY ACEPHATE 1.5GR/LITRE,2009-02-18T10:39:13,2009,2
TELANGANA,WARANGAL,0   ,KHARIF,9999,0,9999,9999,ASKED ABOUT CONTROL FOR LEAF SPOT,RECOMMENDED TO SPRAY BAVISTIN 1GR/LITRE,2009-02-18T11:32:46,2009,2
TELANGANA,KHAMMAM,0   ,KHARIF,9999,0,9999,9999,ASKED ABOUT CONTROL FOR FLOWER DROPPING,RECOMMENDED TO SPRAY PLANOPHIX 1ML/4.5LT,2009-02-18T15:22:15,2009,2
TELANGANA,KHAMMAM,0   ,KHARIF,9999,0,9999,9999,ASKED ABOUT THE SOWING SEASON FOR BITTER GOURD,RECOMMENDED TO SOW JANUARY-FEBRAVARY MONTHS,2009-02-18T19:02:51,2009,2
TELANGANA,MEDAK,0   ,KHARIF,9999,0,9999,9999,ASKED ABOUT THE CONTROL OF SHEATH BLIGHT IN PADDY,RECOMMENDED TO SPRAY HEXACONAZOLE@2ML/LITER,2009-02-17T19:16:55,2009,2
TELANGANA,KHAMMAM,0   ,KHARIF,9999,0,9999,9999,ASKED ABOUT THE CONTROL OF SHEATH BLIGHT IN PADDY,RECOMMENDED TO SPRAY HEXACONAZOLE@2ML/LITER,2009-02-17T19:56:55,2009,2
TELANGANA,KARIMNAGAR,0   ,KHARIF,9999,0,9999,9999,ASKED ABOUT THE CONTROL OF ZINC DEFECIENCY,RECOMMENDED TO SPRAY ZINCSULPHATE 2 GM/LTR,2009-02-20T17:38:35,2009,2
TELANGANA,KHAMMAM,0   ,KHARIF,9999,0,9999,9999,ASKED ABOUT THE SOWING SEASON,RECOMMENDED THAT TIME FOR SOWING IS FROM FEBRUARY TO MARCH FIRST WEEK,2009-02-04T12:31:36,2009,2
TELANGANA,ADILABAD,0   ,KHARIF,9999,0,9999,9999,ASKED ABOUT CONTROL FOR Zn DEFICIENCY,RECOMMENDED TO SPRAY ZnSULPHATE 2GM/LT,2009-02-04T12:53:43,2009,2
TELANGANA,RANGAREDDY,0   ,KHARIF,9999,0,9999,9999,ASKED ABOUT CONTROL FOR MITES,RECOMMENEDED TO SPRAY DICOFAL 3ML/LT,2009-02-04T15:28:09,2009,2
TELANGANA,NIZAMABAD,0   ,KHARIF,AGRICULTURE,0,1137,3,ASKED ABOUT THE CONTROL OF SHEATH BLIGHT IN RICE,RECOMMENDED TO SPRAY PROPICONAZOLE 2ML/LT,2009-02-04T17:59:24,2009,2
TELANGANA,WARANGAL,0   ,KHARIF,HORTICULTURE,0,Tomato,29,ASKED ABOUT THE CONTROL OF HELICOVERPA IN TOMATO,RECOMMENDED TO SPRAY QUINOLPHOS 2ML/LT,2009-02-04T18:06:33,2009,2
TELANGANA,WARANGAL,0   ,KHARIF,9999,0,9999,9999,ASKED ABOUT THE CONTROL OF ROOT ROT IN GROUND NUT,RECOMMENDED TO SPRAY MANCOZEB@600GRAMS/ACRE,2009-02-04T19:42:42,2009,2
TELANGANA,ADILABAD,0   ,KHARIF,AGRICULTURE,0,Oil palm,29,ASKED ABOUT THE VARIETIES IN SESAMUM,"RECOMMENDED VARIETIES ARE GOURI,MADHAVI,YELAMANCHILI,RAJESHWARI..",2009-02-04T21:23:38,2009,2
TELANGANA,ADILABAD,0   ,KHARIF,9999,0,9999,9999,ASKED ABOUT THE CONTROL OF FLOWER DROP,RECOMMENDED TO SPRAY PLANOPHIX 1ML/5LTR,2009-02-07T10:03:55,2009,2
TELANGANA,MAHABOOBNAGAR,0   ,KHARIF,9999,0,9999,9999,ASKED ABOUT CONTROL CONTROL HELICOVERPA,RECOMMENDED TO SPRAY QUINOLPHOS 2ML/LT,2009-02-07T13:36:49,2009,2
TELANGANA,WARANGAL,0   ,KHARIF,9999,0,9999,9999,ASKED ABOUT CONTROL FORBLAST,RECOMMENDED TO SPRAY TRICYCLOZOLE 0.6GM/LT,2009-02-07T14:07:26,2009,2
TELANGANA,MAHABOOBNAGAR,0   ,KHARIF,9999,0,9999,9999,ASKED ABOUT CONTROL FOR RUST,RECOMMENDED TO SPRAY CHLOROTHALONIL 2GM/LT,2009-02-07T15:37:10,2009,2
TELANGANA,MEDAK,0   ,KHARIF,9999,0,9999,9999,ASKED ABOUT THE CONTROL OF WEEDS IN SUGAR CANE,RECOMMENDED TO SPRAY ATRAZINE 1.6LT/ACRE,2009-02-03T09:00:51,2009,2
TELANGANA,KARIMNAGAR,0   ,KHARIF,AGRICULTURE,0,1075,3,ASKED ABOUT THE CONTROL OF STEM BORER IN MAIZE,RECOMMENDED TO SPRAY ACRBOFURAN GRANULES@3KGS/ACRE,2009-02-03T10:45:12,2009,2
TELANGANA,MAHABOOBNAGAR,0   ,KHARIF,9999,0,9999,9999,ASKED ABOUT THE CONTROL FOR OF STEM BORER,RECOMMENDED TO SPRAY CARTAP HYDROCHLORIDE 2GM/LTR,2009-02-16T15:07:55,2009,2
TELANGANA,NIZAMABAD,0   ,KHARIF,9999,0,9999,9999,ASKED ABOUT THE CONTROL OF REDDENING OF THE LEAVES,RECOMMENDED TO SPRAY ZNSO4 2GM/LT,2009-02-10T11:19:20,2009,2
TELANGANA,RANGAREDDY,0   ,KHARIF,9999,0,9999,9999,ASKED ABOUT CONTROL FOR FLOWER DROP,RECOMMENDED TO APPLY POTASH FERTILIZERS,2009-02-13T10:58:45,2009,2
TELANGANA,MEDAK,0   ,KHARIF,9999,0,9999,9999,ASKED ABOUT CONTROL FOR SUCKING PESTS,RECOMMENDED TO SPRAY ROGOR 2ML/LITRE,2009-02-11T15:24:28,2009,2
TELANGANA,KARIMNAGAR,0   ,KHARIF,HORTICULTURE,0,1279,29,ASKED ABOUT THE CONTROL OF FRUIT AND SHOOT BORER IN BRINJAL,RECOMMENDED TO SPRAY PROPHENOPHOS 2ML/LT,2009-02-11T16:39:03,2009,2
TELANGANA,MEDAK,0   ,KHARIF,AGRICULTURE,0,1137,Fertilizer Use and Availability,ASKED ABOUT THE ZN DEFIECIENCY IN RICE,RECOMMENDED TO SPRAY ZNSO4 2GM/LT,2009-02-11T18:21:11,2009,2
TELANGANA,WARANGAL,0   ,KHARIF,9999,0,9999,9999,ASKED ABOUT CONTROL FOR STEM BORER,RECOMMENDED TO SPRAY CARTOP HYDROCHLORIDE 2GR/LITRE,2009-02-14T10:05:48,2009,2
TELANGANA,KARIMNAGAR,0   ,KHARIF,9999,0,9999,9999,ASKED ABOUT CONTROL FOR WEEDS,RECOMMENDED TO SPRAY PLUCHLORALINE 1LITRE/ ACRE,2009-02-14T11:55:29,2009,2
TELANGANA,NALGONDA,0   ,KHARIF,AGRICULTURE,0,1137,3,ASKED ABOUT THE CONTROL OF LEAF FOLDER IN RICE,RECOMMENDED TO SPRAY ACEPHATE 1.5GM/LT,2009-02-14T16:40:11,2009,2
TELANGANA,ADILABAD,0   ,KHARIF,AGRICULTURE,0,Oil palm,1,ASKED ABOUT THE SOWING SEASON IN SESAMUM,RECOMMENDED SOWING SEASON IN SUMMER IS FEB-MAR,2009-02-14T17:03:13,2009,2
TELANGANA,RANGAREDDY,0   ,KHARIF,HORTICULTURE,0,1279,21,ASKED ABOUT THE CONTROL WEEDS IN BRINJAL,RECOMMENDED TO SPRAY PENDIMITHALIN@1LITER/ACRE,2009-02-14T18:13:30,2009,2
TELANGANA,RANGAREDDY,0   ,KHARIF,9999,0,9999,9999,ASKED ABOUT THE CONTROL OF FLOWER DROP,RECOMMENDED TO SPRAY PLANOPHIX 1ML/5LTR,2009-02-09T10:53:54,2009,2
TELANGANA,ADILABAD,0   ,KHARIF,9999,0,9999,9999,ASKED ABOUT THE CONTROL OF SUCKING PEST IN MOTH BEAN,RECOMMENDED TO CONTROL ACEPHATE@1.5GRAMS/LITER,2009-02-09T15:11:14,2009,2
TELANGANA,WARANGAL,0   ,KHARIF,9999,0,9999,9999,ASKED ABOUT CONTROL FOR LEAF FLODER,RECOMMENDED TO SPRAY CHLORIPHYRIPHOS 2ML/LT,2009-02-13T14:31:41,2009,2
TELANGANA,WARANGAL,0   ,KHARIF,HORTICULTURE,0,1280,29,ASKED ABOUT THE CONTROL OF THRIPS OF CHILLIES,RECOMMENDED TO SPRAY ACEPHATE@1.5GRMS/LITER,2009-02-13T18:55:50,2009,2
TELANGANA,RANGAREDDY,0   ,KHARIF,HORTICULTURE,0,Tomato,2,ASKED ABOUT THE CONTROL OF FRUIT ROT IN TOMATOS,RECOMMENDED TO SPRAY MANCOZEB@2/LITER,2009-02-13T19:19:30,2009,2
TELANGANA,HYDERABAD,0   ,KHARIF,9999,0,9999,9999,ASKED ABOUT CONTROL FOR FLOWER DROP,RECOMMENDED TO SPRAY PLANOPHIX 1ML/4.5LITRES,2009-02-16T09:55:26,2009,2
TELANGANA,RANGAREDDY,0   ,KHARIF,HORTICULTURE,0,1268,29,ASKED ABOUT THE CONTROL OF MANGO HOPPERS,RECOMMENDED TO SPRAY IMIDACLOPRID0.3ML+CARBENDAZIM 1GRAM/LITER,2009-02-16T11:39:59,2009,2
TELANGANA,MEDAK,0   ,KHARIF,9999,0,9999,9999,ASKED ABOUT CONTROL FOR POWDERY MILDEW,RECOMMENDED TO SPRAY SULPHER 2GM/LT,2009-02-03T15:33:31,2009,2
TELANGANA,WARANGAL,0   ,KHARIF,HORTICULTURE,0,1279,29,ASKED ABOUT THE CONTROL OF FRUIT AND SHOOT BORER IN BRINJAL,RECOMMENDED TO SPRAY PROFINOPHOS@2ML/LIT,2009-02-02T16:58:15,2009,2
TELANGANA,WARANGAL,0   ,KHARIF,9999,0,9999,9999,ASKED ABOUT FERTILIZER APPLICATION,"RECOMMENDED TO APPLY 300GM SOP, 5KG FYM",2009-02-06T16:46:33,2009,2
TELANGANA,RANGAREDDY,0   ,KHARIF,9999,0,9999,9999,ASKED ABOUT THE CONTROL OF FRUIT BORER,RECOMMENDED TO SPRAY ENDOSULPHAN@2ML/LITER,2009-02-06T19:04:10,2009,2
TELANGANA,RANGAREDDY,0   ,KHARIF,9999,0,9999,9999,ASKED ABOUT THE CONTROL OF SHEATH BLIGHT IN PADDY,RECOMMENDED TO SPRAY HEXACONAZOLE@2ML/LITER,2009-02-19T10:11:19,2009,2
TELANGANA,NIZAMABAD,0   ,KHARIF,9999,0,9999,9999,ASKED ABOUT CONTROL FOR THRIPS,RECOMMENDED TO SPRAY PHASOLANE 3ML/LT,2009-02-19T11:28:05,2009,2
TELANGANA,NIZAMABAD,0   ,KHARIF,9999,0,9999,9999,ASKED ABOUT THE CONTROL OF SHEATH BLIGHT IN PADDY,RECOMMENDED TO SPRAY HEXACONAZOLE@2ML/LITER,2009-02-19T12:08:50,2009,2
TELANGANA,WARANGAL,0   ,KHARIF,9999,0,9999,9999,ASKED ABOUT CONTROL FOR Zn DEFICIENCY,RECOMMENDED TO SPRAY ZNSO4 2GR/LITRE,2009-02-19T12:34:18,2009,2
TELANGANA,MEDAK,0   ,KHARIF,9999,0,9999,9999,ASKED ABOUT CONTROL FOR ROOT ROT,RECOMMENDED TO APPLY 2KG TRICHODERMAVIRIDI,2009-02-19T14:55:55,2009,2
TELANGANA,NIZAMABAD,0   ,KHARIF,9999,0,9999,9999,ASKED ABOUT THE CONTROL OF STEM BORER,RECOMMENDED TO SPRAY CARTAP HYDROCHLORIDE 2GM/LTR,2009-02-19T15:45:32,2009,2
TELANGANA,KARIMNAGAR,0   ,KHARIF,AGRICULTURE,0,1137,2,ASKED ABOUT THE CONTROL OF RICE BLAST,RECOMMENDED TO SPRAY TRICYCLOZOLE 0.6 GM/LTR,2009-02-20T10:09:05,2009,2
TELANGANA,ADILABAD,0   ,KHARIF,HORTICULTURE,0,1268,29,ASKED ABOUT CONTROL FOR MANGO HOPPERS DAMAGE,RECOMMENDED TO SPRAY MONOCHROTOPOS 1.6ML/LITRE,2009-02-20T10:33:45,2009,2
TELANGANA,WARANGAL,0   ,KHARIF,9999,0,9999,9999,ASKED ABOUT CONTROL FOR FLOWER DROP,RECOMMENDED TO SPRAY PLANOPHIX 1ML/4.5LITRES,2009-02-20T11:21:34,2009,2
TELANGANA,KARIMNAGAR,0   ,KHARIF,9999,0,9999,9999,ASKED ABOUT THE CONTROL OF BLAST IN PADDDY,RECOMMENDED TO SPRAY TRYCYCLOZOLE@0.6GRAMS/LITER,2009-02-20T11:25:05,2009,2
TELANGANA,KARIMNAGAR,0   ,KHARIF,9999,0,9999,9999,ASKED ABOUT CONTROL FOR BPH,RECOMMENDED TO SPRAY ACEPHATE 1.5GR/LITRE,2009-02-20T11:48:46,2009,2
TELANGANA,KARIMNAGAR,0   ,KHARIF,9999,0,9999,9999,ASKED ABOUT ZYPSUM APPLICATION,ESC TO ATIC,2009-02-20T12:38:42,2009,2
TELANGANA,NIZAMABAD,0   ,KHARIF,9999,0,9999,9999,ASKED ABOUT VARIETIES,RECOMMENDED TO CHOOSE SINDHU OR SADHANA OR SWATHY,2009-02-20T13:35:21,2009,2
TELANGANA,WARANGAL,0   ,KHARIF,9999,0,9999,9999,ASKED ABOUT CONTROL FOR LEAFSPOT,RECOMMENDED TO SPRAY BAVISTIN 1GR/LITRE,2009-02-24T19:04:34,2009,2
TELANGANA,KARIMNAGAR,0   ,KHARIF,9999,0,9999,9999,ASKED ABOUT CONTROL FOR STEM BORER DAMAGE,RECOMMENDED TO SPRAY CARTOP HYDROCHLORIDE 2GR/LITRE,2009-02-24T19:32:10,2009,2
TELANGANA,MEDAK,0   ,KHARIF,9999,0,9999,9999,ASKED ABOUT CONTROL FOR UPWARD CURLING,RECOMMENDED TO SPRAY ACEPHATE 1.5GR/LITRE,2009-02-21T21:18:58,2009,2
TELANGANA,KARIMNAGAR,0   ,KHARIF,9999,0,9999,9999,ASKED ABOUT CONTROL FOR RODENTS,RECOMMENDED TO APPLY ZNPHOSPIDE 10GM,2009-02-25T09:50:03,2009,2
TELANGANA,WARANGAL,0   ,KHARIF,9999,0,9999,9999,ASKED ABOUT THE CONTROL OF BLAST IN PADDY,RECOMMENDED TO SPRAY TRYCYCLOZOLE@0.6GRAMS/LITER,2009-02-25T11:39:09,2009,2
TELANGANA,RANGAREDDY,0   ,KHARIF,AGRICULTURE,0,Sunnhemp (Patua),2,ASKED ABOUT THE CONTROL OF ROT IN SUGARCANE,RECOMMENDED TO SPRAY MANCOZEB@3GRAMS/LITER,2009-02-25T11:50:58,2009,2
TELANGANA,NIZAMABAD,0   ,KHARIF,AGRICULTURE,0,Oil palm,5,ASKED ABOUT THE VARIETIES IN SESAMUM,"RECOMMENDED VARIETIES ARE GOURI,MADHAVI YELAMANCHILI,RAJESHWARI.",2009-02-25T12:36:11,2009,2
TELANGANA,NIZAMABAD,0   ,KHARIF,AGRICULTURE,0,1137,3,ASKED ABOUT THE CONTROL OF STEM BORER IN RICE,RECOMMENDED TO SPRAY CARBOFURON GRANULES 10KG/ACRE,2009-02-25T16:05:13,2009,2
TELANGANA,RANGAREDDY,0   ,KHARIF,9999,0,9999,9999,ASKED ABOUT THE CONTROL OF STEM BORER,RECOMMENDED TO SPRAY CARTAPHYDROCHLORIDE 2 GM/LTR,2009-02-25T17:28:53,2009,2
TELANGANA,WARANGAL,0   ,KHARIF,9999,0,9999,9999,ASKED ABOUT THE SOWING SEASON,INFORMED THAT IT IS FROM FEBRUARY TO MARCH,2009-02-25T20:33:17,2009,2
TELANGANA,KARIMNAGAR,0   ,KHARIF,9999,0,9999,9999,ASKED ABOUT THE CONTROL OF FLOWER AND FRUIT DROP,"RECOMMENDED FOR THE APPLICATION OF 2,4-D 1GM/100 LTR",2009-02-28T07:17:52,2009,2
TELANGANA,MEDAK,0   ,KHARIF,9999,0,9999,9999,ASKED ABOUT THE CONTROL OF STEM BORER DAMAGE,RECOMMENDEED TO SPRAY CARTAP HYDROCHLORIDE 2 GM/LTR,2009-02-28T13:50:27,2009,2
TELANGANA,KARIMNAGAR,0   ,KHARIF,HORTICULTURE,0,1268,29,ASKED ABOUT THE CONTROL OF MANGO HOPPER,RECOMMENDED TO SPRAY CHLOROPYRIPHOS@2ML/LITER,2009-02-28T15:55:38,2009,2
TELANGANA,ADILABAD,0   ,KHARIF,9999,0,9999,9999,ASKED ABOUT THE WEEDICIDE,RECOMMENDED TO SPRAY PENDIMITHALIN 1.6 LTR/ACRE,2009-02-18T09:08:01,2009,2
TELANGANA,NIZAMABAD,0   ,KHARIF,9999,0,9999,9999,ASKED ABOUT THE CONTROL OF STEM BORER,RECOMMENDED TO SPRAY CARTAP HYDROCHLORIDE 2GM/LTR,2009-02-18T11:16:10,2009,2
TELANGANA,NALGONDA,0   ,KHARIF,9999,0,9999,9999,ASKED ABOUT THE CONTROL OF SHEATH BLIGHT,RECOMMENDED TO SPRAY HEXACONOZOLE 2ML/LTR,2009-02-23T12:38:05,2009,2
TELANGANA,ADILABAD,0   ,KHARIF,9999,0,9999,9999,ASKED ABOUT CONTROL FOR THRIPS,RECOMMENDED TO SPRAY DIMETHOATE 2ML/LT,2009-02-23T13:02:58,2009,2
TELANGANA,MEDAK,0   ,KHARIF,9999,0,9999,9999,ASKED ABOUT CONTROL FOR APHIDS,RECOMMENDED TO SPRAY ACEPHATE 0.75GM/LT,2009-02-23T13:13:32,2009,2
TELANGANA,WARANGAL,0   ,KHARIF,9999,0,9999,9999,ASKED ABOUT CONTROL FOR GALLMIDGE,"RECOMMENDED TO SPRAY PHORATE 10G , 5KG/ACRE",2009-02-23T13:36:13,2009,2
TELANGANA,MEDAK,0   ,KHARIF,AGRICULTURE,0,1137,3,ASKED ABOUT THE CONTROL OF HISPA IN RICE,RECOMMENDED TO SPRAY MONOCROTOPHOS 1.6ML/LT,2009-02-23T17:28:19,2009,2
TELANGANA,NIZAMABAD,0   ,KHARIF,9999,0,9999,9999,ASKED ABOUT THE CONTROL OF SHEATH BLIGHT IN PADDY,RECOMMENDED TO SPRAY HEXACONAZOLE@2ML/LITER,2009-02-23T19:42:25,2009,2
TELANGANA,KARIMNAGAR,0   ,KHARIF,HORTICULTURE,0,1279,29,ASKED ABOUT THE CONTROL OF FRUIT AND SHOOT BORER IN BRINJAL,RECOMMENDED TO SPRAY PHOSPHOMIDON 0.5ML/LT,2009-02-23T20:22:54,2009,2
TELANGANA,NIZAMABAD,0   ,KHARIF,AGRICULTURE,0,1137,2,ASKED ABOUT THE CONTROL OF RICE BLAST,RECOMMENDED TO APPLY TRICYCLOZOLE 0.6 GM/LTR,2009-02-16T18:38:00,2009,2
TELANGANA,HYDERABAD,0   ,KHARIF,9999,0,9999,9999,ASKED ABOUT CONTROL FOR FLOWER DROP,RECOMMENDED TO SPRAY PLANOPHIX 1ML/4.5 LITRES,2009-02-17T09:57:24,2009,2
TELANGANA,MEDAK,0   ,KHARIF,9999,0,9999,9999,ASKED ABOUT CONTROL FOR,RECOMMENDED TO APPLY CARTAPHYDROCHLORIDE 4G 8KG/ACRE,2009-02-17T10:29:32,2009,2
TELANGANA,KARIMNAGAR,0   ,KHARIF,9999,0,9999,9999,ASKED ABOUT CONTROL FOR WEEDS,RECOMMENDED TO SPRAY PENDIMETHALINE 1.3-1.6LITRES/ACRE,2009-02-25T21:42:09,2009,2
TELANGANA,ADILABAD,0   ,KHARIF,9999,0,9999,9999,ASKED ABOUT CONTROL FOR Zn DEF.,RECOMMENDED TO SPRAY ZnSO4 2GR/LITRE,2009-02-26T10:39:36,2009,2
TELANGANA,WARANGAL,0   ,KHARIF,9999,0,9999,9999,ASKED ABOUT THE CONTROL OF REDDENING OF THE LEAVES,RECOMMENDED TO SPRAY ZNSO42GM/LT,2009-02-26T10:40:55,2009,2
TELANGANA,MEDAK,0   ,KHARIF,9999,0,9999,9999,ASKED ABOUT THE VARIETIES,"RECOMMENDED VARIETIES ARE CO-6907,7219,CO A-7602,90 A 272",2009-02-26T14:32:18,2009,2
TELANGANA,MEDAK,0   ,KHARIF,9999,0,9999,9999,ASKED ABOUT THE CONTROL OF DIE BACK AND FRUIT ROT,RECOMMENDED FOR THE APPLICATION OF BLITOX 600GM/ACRE,2009-02-21T09:34:35,2009,2
TELANGANA,KARIMNAGAR,0   ,KHARIF,9999,0,9999,9999,ASKED ABOUT THE CONTROL OF THRIPS,RECOMMENDED FOR THE APPLICATION OF ACEPHATE 1.5 GM/LTR,2009-02-21T10:55:06,2009,2
TELANGANA,MEDAK,0   ,KHARIF,9999,0,9999,9999,ASKED ABOUT THE CONTROL OF SHEATH BLAST,RECOMMENDED TO SPRAY HEXACONOZOLE 2ML/LTR,2009-02-21T11:37:33,2009,2
TELANGANA,KARIMNAGAR,0   ,KHARIF,9999,0,9999,9999,ASKED ABOUT THE CONTROL OF STEM BORER DAMAGE,RECOMMENDED TO SPRAY CARTAPHYDROCHLORIDE 2 GM/LTR,2009-02-21T11:57:11,2009,2
TELANGANA,MEDAK,0   ,KHARIF,9999,0,9999,9999,ASKED ABOUT THE CONTROL OF FLOWER DROP,RECOMMENDED TO SPRAY PLANOPHIX 1ML/5LTR,2009-02-21T13:20:50,2009,2
TELANGANA,RANGAREDDY,0   ,KHARIF,AGRICULTURE,0,1075,3,ASKED ABOUT VARIETIES FOR MAIZE,RECOMMENDED TO CHOOSE DHM VARIETIES,2009-02-20T14:50:25,2009,2
TELANGANA,WARANGAL,0   ,KHARIF,9999,0,9999,9999,ASKED ABOUT CONTROL FOR WEED,RECOMMENDED TO SPRAY ATRAZINE 2KG/ACRE,2009-02-20T15:07:51,2009,2
TELANGANA,KARIMNAGAR,0   ,KHARIF,9999,0,9999,9999,ASKED ABOUT SERICULTURE,ESC TO AGRICULTURE COMMISSIONERATE,2009-02-20T16:35:47,2009,2
TELANGANA,ADILABAD,0   ,KHARIF,9999,0,9999,9999,ASKED ABOUT SOEING TIME,GIVEN INFORMATION IS THIS IS SUITABLE FOR SOWING,2009-02-27T07:39:14,2009,2
TELANGANA,WARANGAL,0   ,KHARIF,9999,0,9999,9999,ASKED ABOUT CONTROL FOR PINK BOLLWARM,RECOMMENDED TO SPRAY CYPERMETHRINE 2ML/LITRE,2009-02-27T11:21:13,2009,2
TELANGANA,NIZAMABAD,0   ,KHARIF,9999,0,9999,9999,ASKED ABOUT THE CONTROL OF BPH,RECOMMENDED TO SPRAY ACEPHATE 1.5 GM/LTR,2009-02-21T08:44:49,2009,2
TELANGANA,WARANGAL,0   ,KHARIF,AGRICULTURE,0,1137,2,ASKED ABOUT THE CONTROL OF SHEATH ROT IN RICE,RECOMMENDED TO SPRAY CARBANDEZEM 1GM/LT,2009-02-27T19:08:37,2009,2
TELANGANA,ADILABAD,0   ,KHARIF,9999,0,9999,9999,ASKED ABOUT CONTROL FOR THRIPS,RECOMMENDED TO SPRAY PHASALONE 3ML/LT,2009-02-18T13:57:29,2009,2
TELANGANA,MEDAK,0   ,KHARIF,9999,0,9999,9999,ASKED ABOUT THE CONTROL OF SHEATH BLIGHT IN PADDY,RECOMMENDED TO SPRAY HEXACONAZOLE@2ml/liter,2009-02-18T18:21:51,2009,2
TELANGANA,KHAMMAM,0   ,KHARIF,9999,0,9999,9999,ASKED ABOUT CONTROL FOR POWDERY MILDEW,RECOMMENDED TO SPRAY WETTABLE SULPHER 3GR/LITRE,2009-02-17T14:47:16,2009,2
TELANGANA,WARANGAL,0   ,KHARIF,9999,0,9999,9999,ASKED ABOUT CONTROL FOR BPH,RECOMMENDED TO SPRAY MONOCHROTOPHOS 1.6ML/LT,2009-02-17T14:59:43,2009,2
TELANGANA,NIZAMABAD,0   ,KHARIF,9999,0,9999,9999,ASKED ABOUT THE CONTROL OF BLAST IN PADDY,RECOMMENDED TO SPRAY TRYCYCLOZOLE@0.6GRAMS/LITER,2009-02-17T17:52:42,2009,2
TELANGANA,KARIMNAGAR,0   ,KHARIF,HORTICULTURE,0,1279,29,ASKED ABOUT THE CONTROL OF FRUIT AND SHOOT BORER IN BRINJAL,RECOMMENDED TO SPRAY PROPHINOPHOS@2ML/LITER,2009-02-17T18:19:30,2009,2
TELANGANA,KARIMNAGAR,0   ,KHARIF,9999,0,9999,9999,ASKED ABOUT THE CONTROL OF SHEATH BLIGHT IN PADDY,RECOMMENDED TO SPRAY HEXACONAZOLE@2ML/LITER,2009-02-28T20:37:01,2009,2
